,TeamID,TeamLongName,TeamShortName,Date,BuildUpPlaySpeed,BuildUpPlayPassing,ChanceCreationPassing,ChanceCreationCrossing,ChanceCreationShooting,DefencePressure,DefenceAggression,DefenceTeamWidth
0,9987,KRC Genk,GEN,2010,45,45,50,35,60,70,65,70
1,9987,KRC Genk,GEN,2011,66,52,65,66,51,48,47,54
2,9987,KRC Genk,GEN,2012,53,55,55,48,56,47,45,55
3,9987,KRC Genk,GEN,2013,58,38,67,48,56,47,45,55
4,9987,KRC Genk,GEN,2014,58,38,67,48,56,47,45,55
5,9987,KRC Genk,GEN,2015,58,38,30,69,56,36,57,70
6,9993,Beerschot AC,BAC,2010,35,35,45,40,50,70,70,70
7,9993,Beerschot AC,BAC,2011,47,37,54,64,67,33,34,48
8,9993,Beerschot AC,BAC,2012,55,55,47,46,49,45,46,50
9,9993,Beerschot AC,BAC,2013,47,39,38,64,49,45,46,67
10,10000,SV Zulte-Waregem,ZUL,2010,65,60,60,40,50,70,60,70
11,10000,SV Zulte-Waregem,ZUL,2011,52,52,52,48,53,46,48,53
12,10000,SV Zulte-Waregem,ZUL,2012,54,51,47,52,50,44,55,53
13,10000,SV Zulte-Waregem,ZUL,2013,54,51,47,52,32,44,58,37
14,10000,SV Zulte-Waregem,ZUL,2014,54,51,47,52,32,44,58,37
15,10000,SV Zulte-Waregem,ZUL,2015,54,51,47,52,32,44,58,37
16,9994,Sporting Lokeren,LOK,2010,60,60,50,40,50,65,65,70
17,9994,Sporting Lokeren,LOK,2011,66,53,48,46,52,48,58,55
18,9994,Sporting Lokeren,LOK,2012,67,52,51,50,50,45,52,52
19,9994,Sporting Lokeren,LOK,2013,67,52,31,50,50,45,52,52
20,9994,Sporting Lokeren,LOK,2014,62,52,42,50,62,45,52,52
21,9994,Sporting Lokeren,LOK,2015,62,52,42,50,62,45,52,52
22,9984,KSV Cercle Brugge,CEB,2010,45,35,70,45,55,65,60,70
23,9984,KSV Cercle Brugge,CEB,2011,50,50,70,65,65,60,50,70
24,9984,KSV Cercle Brugge,CEB,2012,68,54,55,68,42,59,47,62
25,9984,KSV Cercle Brugge,CEB,2013,53,40,55,68,42,59,47,62
26,9984,KSV Cercle Brugge,CEB,2014,53,43,52,58,42,59,47,62
27,9984,KSV Cercle Brugge,CEB,2015,53,43,52,58,42,59,47,62
28,8635,RSC Anderlecht,AND,2010,50,35,70,50,60,70,50,70
29,8635,RSC Anderlecht,AND,2011,50,52,70,50,60,70,50,70
30,8635,RSC Anderlecht,AND,2012,52,41,53,57,47,45,43,52
31,8635,RSC Anderlecht,AND,2013,52,41,68,67,47,60,43,65
32,8635,RSC Anderlecht,AND,2014,52,51,60,53,47,60,50,65
33,8635,RSC Anderlecht,AND,2015,52,51,60,53,47,53,50,61
34,9991,KAA Gent,GEN,2010,70,65,60,50,60,45,50,40
35,9991,KAA Gent,GEN,2011,55,55,54,74,56,61,39,38
36,9991,KAA Gent,GEN,2012,50,47,55,66,47,48,45,52
37,9991,KAA Gent,GEN,2013,50,37,28,66,34,50,53,40
38,9991,KAA Gent,GEN,2014,50,37,28,66,34,55,59,52
39,9991,KAA Gent,GEN,2015,50,37,42,66,34,49,54,52
40,9998,RAEC Mons,MON,2012,50,50,55,48,46,46,45,47
41,9998,RAEC Mons,MON,2013,50,50,55,67,46,46,45,47
42,9998,RAEC Mons,MON,2014,55,55,55,67,46,46,45,47
43,9985,Standard de Liège,STL,2010,53,40,55,55,65,70,70,65
44,9985,Standard de Liège,STL,2011,68,66,53,66,63,59,47,66
45,9985,Standard de Liège,STL,2012,75,70,55,58,60,45,60,52
46,9985,Standard de Liège,STL,2013,54,62,55,58,60,45,60,52
47,9985,Standard de Liège,STL,2014,54,62,55,58,60,45,54,52
48,9985,Standard de Liège,STL,2015,54,62,55,58,60,45,54,52
49,8203,KV Mechelen,MEC,2010,65,60,50,40,50,60,70,60
50,8203,KV Mechelen,MEC,2011,67,57,47,47,52,48,61,48
51,8203,KV Mechelen,MEC,2012,52,54,47,53,50,52,60,48
52,8203,KV Mechelen,MEC,2013,52,33,47,53,50,42,60,52
53,8203,KV Mechelen,MEC,2014,52,40,47,53,50,42,51,52
54,8203,KV Mechelen,MEC,2015,52,40,47,53,50,42,51,52
55,8342,Club Brugge KV,CLB,2010,35,40,45,50,45,60,70,70
56,8342,Club Brugge KV,CLB,2011,67,47,68,49,53,57,44,47
57,8342,Club Brugge KV,CLB,2012,64,54,48,61,47,60,50,52
58,8342,Club Brugge KV,CLB,2013,45,48,48,61,47,43,59,45
59,8342,Club Brugge KV,CLB,2014,42,45,42,57,47,51,50,57
60,8342,Club Brugge KV,CLB,2015,42,45,42,57,47,51,50,57
61,9999,KSV Roeselare,ROS,2010,65,60,50,35,40,65,70,70
62,8571,KV Kortrijk,KOR,2010,50,60,50,50,50,60,60,65
63,8571,KV Kortrijk,KOR,2011,38,65,38,69,52,34,57,47
64,8571,KV Kortrijk,KOR,2012,31,47,37,67,50,46,45,52
65,8571,KV Kortrijk,KOR,2013,42,40,37,67,30,46,45,52
66,8571,KV Kortrijk,KOR,2014,42,47,37,67,30,46,45,52
67,8571,KV Kortrijk,KOR,2015,42,47,37,67,30,46,45,52
68,9996,Royal Excel Mouscron,MOU,2015,50,50,50,50,50,45,45,50
69,9996,Royal Excel Mouscron,MOU,2015,50,50,50,50,50,45,45,50
70,10001,KVC Westerlo,WES,2010,45,60,40,45,55,70,70,70
71,10001,KVC Westerlo,WES,2011,34,52,66,48,53,48,59,67
72,10001,KVC Westerlo,WES,2012,52,50,59,60,32,48,45,53
73,10001,KVC Westerlo,WES,2015,52,50,57,55,32,48,45,53
74,9986,Sporting Charleroi,CHA,2010,40,50,45,43,60,70,70,70
75,9986,Sporting Charleroi,CHA,2011,47,36,34,33,53,49,58,48
76,9986,Sporting Charleroi,CHA,2013,60,53,48,50,48,42,48,49
77,9986,Sporting Charleroi,CHA,2014,60,53,48,50,48,42,48,49
78,9986,Sporting Charleroi,CHA,2015,60,53,48,50,48,39,48,49
79,9997,Sint-Truidense VV,STT,2010,50,50,50,50,50,50,50,50
80,9997,Sint-Truidense VV,STT,2011,53,53,48,52,53,46,46,46
81,9997,Sint-Truidense VV,STT,2012,52,55,52,55,47,32,40,41
82,9989,Lierse SK,LIE,2011,48,65,55,45,50,46,48,45
83,9989,Lierse SK,LIE,2012,69,58,56,52,61,45,49,65
84,9989,Lierse SK,LIE,2013,69,58,56,52,61,38,49,65
85,9989,Lierse SK,LIE,2014,69,58,56,52,61,38,49,65
86,9989,Lierse SK,LIE,2015,69,58,56,52,61,38,49,65
87,6351,KAS Eupen,EUP,2011,50,55,50,55,55,50,50,55
88,1773,Oud-Heverlee Leuven,O-H,2012,52,50,50,53,54,43,44,50
89,1773,Oud-Heverlee Leuven,O-H,2013,52,50,50,53,54,43,44,50
90,1773,Oud-Heverlee Leuven,O-H,2014,52,50,50,53,54,43,44,50
91,8475,Waasland-Beveren,WAA,2013,62,53,50,30,54,30,49,35
92,8475,Waasland-Beveren,WAA,2014,38,39,29,30,39,25,37,35
93,8475,Waasland-Beveren,WAA,2015,38,49,45,42,53,27,32,35
94,8573,KV Oostende,OOS,2014,52,54,45,42,53,42,47,44
95,8573,KV Oostende,OOS,2015,52,54,45,42,53,42,47,44
96,274581,Royal Excel Mouscron,MOP,2015,50,50,50,50,50,45,45,50
97,10260,Manchester United,MUN,2010,70,45,45,70,65,40,50,40
98,10260,Manchester United,MUN,2011,65,40,65,65,70,45,45,65
99,10260,Manchester United,MUN,2012,46,54,46,60,55,40,50,56
100,10260,Manchester United,MUN,2013,46,38,46,68,37,49,49,56
101,10260,Manchester United,MUN,2014,46,54,49,72,56,42,41,56
102,10260,Manchester United,MUN,2015,38,44,49,44,40,54,53,56
103,10261,Newcastle United,NEW,2010,70,60,65,70,60,45,65,45
104,10261,Newcastle United,NEW,2011,55,50,60,50,60,45,45,50
105,10261,Newcastle United,NEW,2012,54,54,54,68,48,52,48,42
106,10261,Newcastle United,NEW,2013,58,72,48,51,46,41,39,51
107,10261,Newcastle United,NEW,2014,54,47,47,51,39,56,54,51
108,10261,Newcastle United,NEW,2015,58,49,47,54,46,41,39,51
109,9825,Arsenal,ARS,2010,66,30,30,45,35,30,40,50
110,9825,Arsenal,ARS,2011,75,40,40,45,65,50,40,45
111,9825,Arsenal,ARS,2012,25,32,41,34,30,57,57,52
112,9825,Arsenal,ARS,2013,30,29,41,55,39,64,54,52
113,9825,Arsenal,ARS,2014,59,26,28,55,64,51,44,52
114,9825,Arsenal,ARS,2015,59,30,28,44,46,51,44,52
115,8659,West Bromwich Albion,WBA,2010,65,40,70,70,55,70,70,70
116,8659,West Bromwich Albion,WBA,2011,60,65,40,50,45,35,55,60
117,8659,West Bromwich Albion,WBA,2012,48,48,45,60,54,38,38,52
118,8659,West Bromwich Albion,WBA,2013,55,54,57,53,57,33,31,49
119,8659,West Bromwich Albion,WBA,2014,55,51,53,53,57,41,40,49
120,8659,West Bromwich Albion,WBA,2015,62,51,53,50,60,41,40,49
121,8472,Sunderland,SUN,2010,60,70,70,70,55,35,70,35
122,8472,Sunderland,SUN,2011,55,55,55,65,55,45,55,65
123,8472,Sunderland,SUN,2012,67,62,44,72,59,47,53,60
124,8472,Sunderland,SUN,2013,57,66,56,31,72,47,52,49
125,8472,Sunderland,SUN,2014,60,61,56,44,58,41,38,53
126,8472,Sunderland,SUN,2015,43,51,59,50,55,47,45,49
127,8650,Liverpool,LIV,2010,50,35,50,60,70,40,60,40
128,8650,Liverpool,LIV,2011,60,50,40,45,60,55,55,50
129,8650,Liverpool,LIV,2012,60,60,48,73,53,50,48,62
130,8650,Liverpool,LIV,2013,39,44,42,34,54,59,52,61
131,8650,Liverpool,LIV,2014,71,32,34,41,61,51,48,62
132,8650,Liverpool,LIV,2015,66,45,34,34,46,51,52,61
133,8654,West Ham United,WHU,2010,58,30,31,70,50,30,70,30
134,8654,West Ham United,WHU,2011,35,35,30,45,45,45,45,50
135,8654,West Ham United,WHU,2012,63,64,44,60,55,30,34,38
136,8654,West Ham United,WHU,2013,72,73,61,74,32,30,37,41
137,8654,West Ham United,WHU,2014,72,73,68,71,32,30,34,41
138,8654,West Ham United,WHU,2015,77,57,68,73,29,30,37,41
139,8528,Wigan Athletic,WIG,2010,70,70,70,70,50,35,70,35
140,8528,Wigan Athletic,WIG,2011,35,50,45,65,50,45,55,65
141,8528,Wigan Athletic,WIG,2012,38,38,54,42,42,40,42,44
142,8528,Wigan Athletic,WIG,2013,38,39,43,42,34,56,52,44
143,8528,Wigan Athletic,WIG,2014,51,51,52,55,57,62,57,44
144,8528,Wigan Athletic,WIG,2015,51,56,52,59,40,62,48,44
145,10252,Aston Villa,AVL,2010,70,59,65,70,50,30,70,30
146,10252,Aston Villa,AVL,2011,65,50,45,55,50,35,45,65
147,10252,Aston Villa,AVL,2012,67,58,44,60,56,43,50,52
148,10252,Aston Villa,AVL,2013,63,59,52,55,34,39,41,54
149,10252,Aston Villa,AVL,2014,66,72,63,48,56,39,42,52
150,10252,Aston Villa,AVL,2015,63,54,60,48,38,35,44,54
151,8456,Manchester City,MCI,2010,70,60,55,70,70,45,55,45
152,8456,Manchester City,MCI,2011,70,60,70,65,75,65,65,50
153,8456,Manchester City,MCI,2012,45,55,40,38,48,50,60,54
154,8456,Manchester City,MCI,2013,36,34,39,44,38,42,44,54
155,8456,Manchester City,MCI,2014,59,29,32,49,62,42,44,54
156,8456,Manchester City,MCI,2015,59,29,38,36,24,48,47,54
157,8668,Everton,EVE,2010,60,65,60,70,45,40,70,40
158,8668,Everton,EVE,2011,60,50,55,70,55,55,65,60
159,8668,Everton,EVE,2012,56,56,48,57,56,50,50,60
160,8668,Everton,EVE,2013,58,62,48,59,32,41,44,59
161,8668,Everton,EVE,2014,61,42,39,59,48,52,58,60
162,8668,Everton,EVE,2015,43,40,39,33,63,52,58,59
163,8655,Blackburn Rovers,BLB,2010,55,70,60,70,55,45,70,45
164,8655,Blackburn Rovers,BLB,2011,55,65,50,50,35,45,60,55
165,8655,Blackburn Rovers,BLB,2012,57,57,55,45,40,42,50,38
166,8655,Blackburn Rovers,BLB,2013,44,64,55,52,40,42,50,38
167,8655,Blackburn Rovers,BLB,2014,44,62,63,61,40,50,50,47
168,8655,Blackburn Rovers,BLB,2015,60,65,59,58,42,50,50,57
169,8549,Middlesbrough,MID,2010,70,70,70,70,50,30,70,30
170,8549,Middlesbrough,MID,2011,66,51,64,64,48,54,44,49
171,8549,Middlesbrough,MID,2012,60,72,40,56,72,38,42,42
172,8549,Middlesbrough,MID,2013,60,40,40,56,57,38,42,52
173,8549,Middlesbrough,MID,2014,60,56,49,56,72,38,42,42
174,8549,Middlesbrough,MID,2015,60,46,43,55,37,38,42,42
175,8586,Tottenham Hotspur,TOT,2010,70,50,50,65,50,50,50,50
176,8586,Tottenham Hotspur,TOT,2011,60,55,70,70,70,30,40,60
177,8586,Tottenham Hotspur,TOT,2012,44,47,52,63,61,43,44,51
178,8586,Tottenham Hotspur,TOT,2013,42,46,45,58,68,63,61,57
179,8586,Tottenham Hotspur,TOT,2014,41,38,41,59,62,58,51,56
180,8586,Tottenham Hotspur,TOT,2015,47,40,41,41,63,63,54,56
181,8559,Bolton Wanderers,BOL,2010,55,70,70,70,45,35,70,35
182,8559,Bolton Wanderers,BOL,2011,45,70,55,70,50,40,55,50
183,8559,Bolton Wanderers,BOL,2012,57,56,45,54,54,48,48,58
184,8559,Bolton Wanderers,BOL,2013,57,53,42,38,54,39,48,58
185,8559,Bolton Wanderers,BOL,2014,57,73,72,43,56,39,48,58
186,8559,Bolton Wanderers,BOL,2015,57,61,72,60,38,39,48,58
187,10194,Stoke City,STK,2010,65,70,70,70,55,35,70,35
188,10194,Stoke City,STK,2011,50,80,30,70,35,25,65,50
189,10194,Stoke City,STK,2012,75,75,40,72,55,50,58,45
190,10194,Stoke City,STK,2013,75,73,59,61,38,32,37,41
191,10194,Stoke City,STK,2014,48,55,51,57,37,38,40,41
192,10194,Stoke City,STK,2015,48,49,51,59,49,44,37,51
193,8667,Hull City,HUL,2010,65,60,70,70,55,70,70,70
194,8667,Hull City,HUL,2011,49,52,64,64,37,46,46,67
195,8667,Hull City,HUL,2012,61,48,38,60,54,38,42,46
196,8667,Hull City,HUL,2013,63,48,38,60,54,34,37,46
197,8667,Hull City,HUL,2014,56,51,54,60,48,38,37,46
198,8667,Hull City,HUL,2015,56,55,54,49,56,38,37,46
199,9879,Fulham,FUL,2010,60,70,70,70,50,40,35,40
200,9879,Fulham,FUL,2011,50,55,45,55,40,45,35,50
201,9879,Fulham,FUL,2012,48,45,38,62,54,38,38,62
202,9879,Fulham,FUL,2013,52,49,49,56,59,39,39,57
203,9879,Fulham,FUL,2014,52,56,58,41,54,29,28,39
204,9879,Fulham,FUL,2015,52,48,39,54,59,29,30,39
205,8455,Chelsea,CHE,2010,70,60,56,70,70,30,60,35
206,8455,Chelsea,CHE,2011,60,50,60,60,80,35,55,50
207,8455,Chelsea,CHE,2012,60,45,55,45,45,60,62,46
208,8455,Chelsea,CHE,2013,46,41,46,61,63,42,43,46
209,8455,Chelsea,CHE,2014,67,38,41,61,68,39,41,46
210,8455,Chelsea,CHE,2015,67,36,41,34,44,39,41,46
211,8462,Portsmouth,POR,2010,70,70,70,70,55,40,70,40
212,8462,Portsmouth,POR,2011,36,48,48,66,51,36,44,48
213,8462,Portsmouth,POR,2012,64,59,40,42,56,49,51,44
214,8462,Portsmouth,POR,2013,68,62,40,47,56,49,51,44
215,8462,Portsmouth,POR,2014,59,57,49,47,53,39,40,44
216,8462,Portsmouth,POR,2015,59,57,49,47,53,39,40,44
217,8658,Birmingham City,BIR,2010,70,70,70,70,70,70,70,70
218,8658,Birmingham City,BIR,2011,45,60,35,50,40,30,60,45
219,8658,Birmingham City,BIR,2012,51,55,41,62,56,42,48,54
220,8658,Birmingham City,BIR,2013,56,57,45,71,41,42,44,54
221,8658,Birmingham City,BIR,2014,56,79,77,71,56,42,48,54
222,8658,Birmingham City,BIR,2015,56,75,77,62,64,42,47,54
223,8602,Wolverhampton Wanderers,WOL,2010,70,70,70,70,70,70,70,70
224,8602,Wolverhampton Wanderers,WOL,2011,55,55,60,60,45,45,45,50
225,8602,Wolverhampton Wanderers,WOL,2012,67,68,42,68,56,48,60,45
226,8602,Wolverhampton Wanderers,WOL,2013,63,61,42,73,56,42,48,52
227,8602,Wolverhampton Wanderers,WOL,2014,47,58,55,64,56,47,48,52
228,8602,Wolverhampton Wanderers,WOL,2015,46,54,55,47,48,47,48,55
229,8191,Burnley,BUR,2010,70,65,70,70,70,65,70,70
230,8191,Burnley,BUR,2011,36,52,49,68,55,24,56,66
231,8191,Burnley,BUR,2012,48,44,56,58,48,52,50,58
232,8191,Burnley,BUR,2013,54,55,56,59,48,48,50,58
233,8191,Burnley,BUR,2014,48,74,72,59,58,54,57,58
234,8191,Burnley,BUR,2015,54,67,72,57,47,63,62,58
235,8483,Blackpool,BLA,2010,70,70,70,70,65,70,70,70
236,8483,Blackpool,BLA,2011,70,30,65,30,65,45,50,45
237,8483,Blackpool,BLA,2012,45,52,60,58,58,49,52,54
238,8483,Blackpool,BLA,2013,45,52,60,58,58,49,52,54
239,8483,Blackpool,BLA,2014,67,72,70,48,58,39,38,54
240,8483,Blackpool,BLA,2015,62,64,59,43,64,39,38,54
241,10003,Swansea City,SWA,2010,65,70,70,70,70,70,70,70
242,10003,Swansea City,SWA,2011,66,34,52,51,64,44,47,64
243,10003,Swansea City,SWA,2012,26,24,62,39,57,48,58,60
244,10003,Swansea City,SWA,2013,41,39,36,42,44,52,58,57
245,10003,Swansea City,SWA,2014,63,34,34,51,36,51,58,54
246,10003,Swansea City,SWA,2015,45,42,34,36,55,31,47,42
247,10172,Queens Park Rangers,QPR,2010,70,70,70,70,70,70,70,70
248,10172,Queens Park Rangers,QPR,2011,51,49,36,48,52,44,43,40
249,10172,Queens Park Rangers,QPR,2012,57,58,60,48,48,42,51,44
250,10172,Queens Park Rangers,QPR,2013,58,54,53,39,54,49,47,44
251,10172,Queens Park Rangers,QPR,2014,52,53,53,54,54,50,44,54
252,10172,Queens Park Rangers,QPR,2015,30,61,53,53,60,50,44,54
253,9850,Norwich City,NOR,2010,65,70,70,70,55,60,70,70
254,9850,Norwich City,NOR,2011,49,52,48,64,66,34,54,48
255,9850,Norwich City,NOR,2012,63,61,42,76,62,40,50,42
256,9850,Norwich City,NOR,2013,70,70,56,67,48,40,43,53
257,9850,Norwich City,NOR,2014,45,64,55,67,42,40,43,51
258,9850,Norwich City,NOR,2015,45,55,46,54,47,38,39,51
259,8466,Southampton,SOU,2010,70,55,70,70,65,70,70,70
260,8466,Southampton,SOU,2011,52,37,48,49,47,43,43,48
261,8466,Southampton,SOU,2012,47,52,54,56,60,48,52,44
262,8466,Southampton,SOU,2013,47,38,52,56,58,57,63,44
263,8466,Southampton,SOU,2014,47,40,42,56,51,62,64,44
264,8466,Southampton,SOU,2015,52,46,42,54,30,50,65,44
265,9798,Reading,REA,2010,70,70,70,70,70,70,60,70
266,9798,Reading,REA,2011,49,36,57,73,55,49,31,67
267,9798,Reading,REA,2012,49,49,46,58,56,49,51,45
268,9798,Reading,REA,2013,49,61,55,58,37,39,44,52
269,9798,Reading,REA,2014,44,72,71,39,37,58,52,52
270,9798,Reading,REA,2015,44,64,62,65,42,51,47,52
271,9826,Crystal Palace,CRY,2010,70,70,70,70,65,65,60,60
272,9826,Crystal Palace,CRY,2011,53,54,69,48,52,48,43,33
273,9826,Crystal Palace,CRY,2012,43,46,69,66,47,44,27,53
274,9826,Crystal Palace,CRY,2013,52,47,69,66,47,36,33,53
275,9826,Crystal Palace,CRY,2014,61,68,67,62,52,36,34,48
276,9826,Crystal Palace,CRY,2015,61,67,67,69,50,36,34,41
277,8344,Cardiff City,CAR,2010,65,70,70,70,70,70,70,70
278,8344,Cardiff City,CAR,2011,67,49,67,67,48,46,47,53
279,8344,Cardiff City,CAR,2012,60,64,54,46,54,47,43,56
280,8344,Cardiff City,CAR,2013,60,69,54,59,62,47,43,56
281,8344,Cardiff City,CAR,2014,60,54,52,46,41,33,41,39
282,8344,Cardiff City,CAR,2015,60,67,52,56,46,33,41,39
283,8197,Leicester City,LEI,2010,70,70,70,70,45,70,70,70
284,8197,Leicester City,LEI,2011,36,52,36,52,52,51,34,48
285,8197,Leicester City,LEI,2012,45,48,48,56,56,48,52,54
286,8197,Leicester City,LEI,2013,45,48,48,56,56,48,52,54
287,8197,Leicester City,LEI,2014,63,48,47,62,69,58,62,54
288,8197,Leicester City,LEI,2015,63,60,47,64,46,58,65,55
289,8678,Bournemouth,BOU,2010,70,70,70,70,60,70,70,70
290,8678,Bournemouth,BOU,2011,51,66,68,33,47,27,46,48
291,8678,Bournemouth,BOU,2012,46,46,54,60,52,48,50,62
292,8678,Bournemouth,BOU,2013,39,38,54,43,52,48,50,62
293,8678,Bournemouth,BOU,2014,47,48,46,48,41,48,50,62
294,8678,Bournemouth,BOU,2015,47,47,49,45,47,48,50,62
295,9817,Watford,WAT,2010,70,70,70,70,65,70,70,65
296,9817,Watford,WAT,2011,64,53,67,67,48,44,47,66
297,9817,Watford,WAT,2012,66,66,45,60,60,48,50,45
298,9817,Watford,WAT,2013,67,45,45,38,53,38,52,45
299,9817,Watford,WAT,2014,61,56,54,44,55,38,52,45
300,9817,Watford,WAT,2015,61,52,54,42,45,38,52,45
301,8583,AJ Auxerre,AUX,2010,30,70,35,65,35,30,55,30
302,8583,AJ Auxerre,AUX,2011,35,65,35,65,50,35,45,65
303,8583,AJ Auxerre,AUX,2012,64,49,51,63,50,34,45,36
304,8583,AJ Auxerre,AUX,2013,64,49,51,63,50,34,45,41
305,8583,AJ Auxerre,AUX,2014,64,49,51,63,50,34,45,36
306,8583,AJ Auxerre,AUX,2015,64,49,51,63,50,34,45,40
307,9830,FC Nantes,NAN,2010,55,35,60,65,35,30,45,30
308,9830,FC Nantes,NAN,2011,50,50,35,50,35,45,55,50
309,9830,FC Nantes,NAN,2012,46,51,52,34,49,47,43,50
310,9830,FC Nantes,NAN,2013,46,51,52,44,49,47,51,54
311,9830,FC Nantes,NAN,2014,63,48,52,55,49,47,51,54
312,9830,FC Nantes,NAN,2015,63,56,52,55,46,39,41,52
313,9827,Girondins de Bordeaux,BOR,2010,70,35,70,50,70,55,70,70
314,9827,Girondins de Bordeaux,BOR,2011,50,35,50,65,65,55,45,65
315,9827,Girondins de Bordeaux,BOR,2012,49,37,49,64,51,44,46,49
316,9827,Girondins de Bordeaux,BOR,2013,49,37,49,64,51,44,46,49
317,9827,Girondins de Bordeaux,BOR,2014,38,36,49,55,51,37,33,49
318,9827,Girondins de Bordeaux,BOR,2015,51,48,49,63,44,57,52,49
319,7819,SM Caen,CAE,2010,65,30,50,65,40,70,65,70
320,7819,SM Caen,CAE,2011,65,35,35,65,65,55,45,65
321,7819,SM Caen,CAE,2012,48,52,48,54,53,47,45,51
322,7819,SM Caen,CAE,2013,48,52,48,54,53,47,45,51
323,7819,SM Caen,CAE,2014,62,45,48,54,53,43,42,51
324,7819,SM Caen,CAE,2015,62,45,48,54,53,43,42,51
325,9746,Le Havre AC,LEH,2010,55,45,40,50,65,30,70,30
326,9746,Le Havre AC,LEH,2011,50,50,65,50,65,45,45,65
327,9746,Le Havre AC,LEH,2012,46,52,49,54,52,47,55,66
328,9746,Le Havre AC,LEH,2013,46,52,49,54,52,47,55,52
329,9746,Le Havre AC,LEH,2014,46,52,49,54,52,47,55,52
330,9746,Le Havre AC,LEH,2015,46,52,49,54,52,47,55,52
331,9831,OGC Nice,NIC,2010,70,70,60,30,65,70,70,70
332,9831,OGC Nice,NIC,2011,50,50,50,50,65,45,45,35
333,9831,OGC Nice,NIC,2012,48,66,49,51,34,26,47,64
334,9831,OGC Nice,NIC,2013,48,66,49,66,34,56,47,64
335,9831,OGC Nice,NIC,2014,48,66,49,66,34,56,47,64
336,9831,OGC Nice,NIC,2015,48,53,49,66,38,57,47,61
337,8682,Le Mans FC,LEM,2010,70,45,65,60,65,70,60,70
338,8682,Le Mans FC,LEM,2011,65,50,65,65,65,60,55,35
339,8682,Le Mans FC,LEM,2012,58,47,49,68,50,47,44,51
340,8682,Le Mans FC,LEM,2013,58,47,49,68,50,47,44,51
341,8689,FC Lorient,LOR,2010,45,70,30,50,40,70,60,70
342,8689,FC Lorient,LOR,2011,35,35,80,50,50,55,35,65
343,8689,FC Lorient,LOR,2012,60,42,48,53,64,43,47,48
344,8689,FC Lorient,LOR,2013,60,42,48,53,64,43,47,48
345,8689,FC Lorient,LOR,2014,60,42,48,53,64,43,47,48
346,8689,FC Lorient,LOR,2015,57,50,48,53,46,51,56,55
347,9748,Olympique Lyonnais,LYO,2010,60,40,70,45,70,70,60,70
348,9748,Olympique Lyonnais,LYO,2011,65,50,50,50,80,45,45,65
349,9748,Olympique Lyonnais,LYO,2012,49,52,49,54,67,46,47,47
350,9748,Olympique Lyonnais,LYO,2013,49,52,49,54,67,46,47,47
351,9748,Olympique Lyonnais,LYO,2014,49,52,49,54,67,46,47,47
352,9748,Olympique Lyonnais,LYO,2015,49,52,49,54,67,46,47,47
353,9941,Toulouse FC,TOU,2010,35,70,45,70,35,30,45,30
354,9941,Toulouse FC,TOU,2011,65,50,50,50,65,35,55,50
355,9941,Toulouse FC,TOU,2012,49,53,52,34,36,36,45,49
356,9941,Toulouse FC,TOU,2013,49,53,52,34,36,36,45,49
357,9941,Toulouse FC,TOU,2014,49,53,52,34,57,36,52,49
358,9941,Toulouse FC,TOU,2015,49,53,52,34,36,36,45,49
359,9829,AS Monaco,MON,2010,35,55,65,55,45,70,65,70
360,9829,AS Monaco,MON,2011,65,50,65,35,50,35,55,50
361,9829,AS Monaco,MON,2012,52,48,37,37,37,35,34,51
362,9829,AS Monaco,MON,2013,52,48,37,37,37,35,34,51
363,9829,AS Monaco,MON,2014,52,48,37,37,37,35,34,51
364,9829,AS Monaco,MON,2015,52,43,54,56,23,56,62,51
365,9847,Paris Saint-Germain,PSG,2010,50,65,40,65,55,70,70,70
366,9847,Paris Saint-Germain,PSG,2011,35,35,35,35,50,45,55,65
367,9847,Paris Saint-Germain,PSG,2012,49,41,62,52,60,49,46,52
368,9847,Paris Saint-Germain,PSG,2013,49,41,62,52,60,49,46,52
369,9847,Paris Saint-Germain,PSG,2014,49,55,62,61,68,57,53,56
370,9847,Paris Saint-Germain,PSG,2015,49,34,62,61,35,57,53,56
371,8481,AS Nancy-Lorraine,NAN,2010,65,40,60,70,30,70,70,70
372,8481,AS Nancy-Lorraine,NAN,2011,35,35,35,65,35,35,55,50
373,8481,AS Nancy-Lorraine,NAN,2012,49,49,52,53,67,43,46,50
374,8481,AS Nancy-Lorraine,NAN,2013,49,49,52,53,67,43,46,50
375,8481,AS Nancy-Lorraine,NAN,2014,49,49,52,53,67,43,46,50
376,8481,AS Nancy-Lorraine,NAN,2015,49,49,52,53,67,43,46,50
377,8639,LOSC Lille,LIL,2010,70,60,50,45,55,55,70,55
378,8639,LOSC Lille,LIL,2011,65,65,50,80,50,55,55,35
379,8639,LOSC Lille,LIL,2012,34,23,63,52,49,58,56,48
380,8639,LOSC Lille,LIL,2013,34,42,63,52,49,47,42,48
381,8639,LOSC Lille,LIL,2014,45,42,68,52,49,59,42,48
382,8639,LOSC Lille,LIL,2015,45,43,68,52,64,59,42,48
383,9851,Stade Rennais FC,REN,2010,50,45,70,60,60,70,70,70
384,9851,Stade Rennais FC,REN,2011,65,35,65,65,65,55,45,65
385,9851,Stade Rennais FC,REN,2012,64,41,49,52,64,46,44,51
386,9851,Stade Rennais FC,REN,2013,64,41,49,52,64,46,44,51
387,9851,Stade Rennais FC,REN,2014,64,41,49,52,64,46,44,51
388,9851,Stade Rennais FC,REN,2015,64,41,49,52,64,46,44,51
389,8592,Olympique de Marseille,MAR,2010,55,45,70,65,70,65,70,65
390,8592,Olympique de Marseille,MAR,2011,65,35,65,65,80,55,55,65
391,8592,Olympique de Marseille,MAR,2012,48,50,49,51,48,44,48,51
392,8592,Olympique de Marseille,MAR,2013,48,50,49,77,64,44,48,54
393,8592,Olympique de Marseille,MAR,2014,51,50,49,69,68,48,48,60
394,8592,Olympique de Marseille,MAR,2015,51,41,49,69,31,48,48,60
395,9874,FC Sochaux-Montbéliard,SOC,2010,66,70,35,40,50,65,30,65
396,9874,FC Sochaux-Montbéliard,SOC,2011,50,50,35,65,35,45,55,65
397,9874,FC Sochaux-Montbéliard,SOC,2012,63,39,63,72,49,54,43,49
398,9874,FC Sochaux-Montbéliard,SOC,2013,63,39,63,64,49,54,43,49
399,9874,FC Sochaux-Montbéliard,SOC,2014,63,39,63,64,49,54,43,49
400,9874,FC Sochaux-Montbéliard,SOC,2015,63,39,63,64,49,54,43,49
401,9855,Grenoble Foot 38,GRE,2010,70,70,65,60,70,70,55,70
402,9855,Grenoble Foot 38,GRE,2011,50,50,50,50,50,45,45,50
403,9873,Valenciennes FC,VAL,2010,60,70,50,60,60,30,55,30
404,9873,Valenciennes FC,VAL,2011,65,50,50,65,50,45,45,65
405,9873,Valenciennes FC,VAL,2012,49,50,51,60,61,43,57,51
406,9873,Valenciennes FC,VAL,2013,49,50,51,76,61,43,57,51
407,9873,Valenciennes FC,VAL,2014,49,52,51,67,56,47,51,46
408,9873,Valenciennes FC,VAL,2015,49,52,51,67,56,47,51,46
409,9853,AS Saint-Étienne,ETI,2010,65,65,55,60,60,30,30,30
410,9853,AS Saint-Étienne,ETI,2011,65,35,35,65,65,35,45,65
411,9853,AS Saint-Étienne,ETI,2012,49,52,48,52,52,35,44,50
412,9853,AS Saint-Étienne,ETI,2013,49,52,48,52,52,35,44,50
413,9853,AS Saint-Étienne,ETI,2014,58,52,48,52,52,35,44,50
414,9853,AS Saint-Étienne,ETI,2015,58,52,48,64,52,48,51,49
415,8588,RC Lens,LEN,2010,30,30,60,50,70,70,60,70
416,8588,RC Lens,LEN,2011,65,50,50,65,65,45,55,50
417,8588,RC Lens,LEN,2012,64,49,49,53,34,46,44,49
418,8588,RC Lens,LEN,2013,64,49,49,53,37,42,44,49
419,8588,RC Lens,LEN,2014,64,49,49,53,34,46,44,49
420,8588,RC Lens,LEN,2015,64,50,49,53,46,46,44,49
421,10249,Montpellier Hérault SC,MON,2010,35,35,55,35,70,70,70,70
422,10249,Montpellier Hérault SC,MON,2011,50,50,35,50,50,35,55,65
423,10249,Montpellier Hérault SC,MON,2012,52,47,48,49,52,34,43,37
424,10249,Montpellier Hérault SC,MON,2013,52,47,48,49,52,34,43,37
425,10249,Montpellier Hérault SC,MON,2014,52,47,48,49,52,53,56,48
426,10249,Montpellier Hérault SC,MON,2015,54,65,48,49,45,53,56,48
427,4170,US Boulogne Cote D'Opale,BOU,2010,45,30,35,55,60,70,60,70
428,4170,US Boulogne Cote D'Opale,BOU,2011,50,35,35,65,65,35,55,65
429,4170,US Boulogne Cote D'Opale,BOU,2012,49,37,47,57,50,45,44,66
430,108893,AC Arles-Avignon,ARL,2010,50,65,30,35,30,30,50,35
431,108893,AC Arles-Avignon,ARL,2011,50,65,35,35,35,25,45,35
432,108893,AC Arles-Avignon,ARL,2012,23,33,49,40,43,44,32,36
433,108893,AC Arles-Avignon,ARL,2013,41,48,58,40,43,39,43,58
434,108893,AC Arles-Avignon,ARL,2014,39,54,49,40,43,44,53,57
435,108893,AC Arles-Avignon,ARL,2015,56,54,55,40,43,48,53,57
436,8521,Stade Brestois 29,BRE,2010,50,40,30,40,60,70,70,70
437,8521,Stade Brestois 29,BRE,2011,65,35,50,65,50,55,45,65
438,8521,Stade Brestois 29,BRE,2012,64,62,49,53,66,44,34,51
439,8521,Stade Brestois 29,BRE,2013,59,54,49,53,66,44,34,51
440,8521,Stade Brestois 29,BRE,2014,59,54,49,53,66,44,34,51
441,8521,Stade Brestois 29,BRE,2015,59,54,49,53,66,44,34,51
442,8576,AC Ajaccio,AJA,2010,60,40,45,35,55,30,70,30
443,8576,AC Ajaccio,AJA,2011,65,45,65,65,50,45,45,50
444,8576,AC Ajaccio,AJA,2012,59,52,48,34,52,38,47,53
445,8576,AC Ajaccio,AJA,2013,59,52,48,34,52,38,47,53
446,8576,AC Ajaccio,AJA,2014,59,52,48,38,52,38,47,53
447,8576,AC Ajaccio,AJA,2015,59,52,48,38,52,38,47,53
448,4087,Évian Thonon Gaillard FC,ETG,2011,35,65,50,65,65,45,55,65
449,4087,Évian Thonon Gaillard FC,ETG,2012,53,44,52,52,64,47,56,50
450,4087,Évian Thonon Gaillard FC,ETG,2013,53,44,52,52,64,47,56,50
451,4087,Évian Thonon Gaillard FC,ETG,2014,61,44,52,61,48,47,56,50
452,4087,Évian Thonon Gaillard FC,ETG,2015,58,56,52,61,51,47,43,50
453,9836,Dijon FCO,DIJ,2010,55,40,40,40,55,30,60,30
454,9836,Dijon FCO,DIJ,2011,65,50,50,65,50,35,45,50
455,9836,Dijon FCO,DIJ,2012,51,49,49,52,52,45,46,58
456,9836,Dijon FCO,DIJ,2013,51,49,49,52,52,45,46,58
457,9836,Dijon FCO,DIJ,2014,51,49,49,52,52,45,46,58
458,9836,Dijon FCO,DIJ,2015,51,49,49,52,52,45,46,58
459,9837,Stade de Reims,REI,2011,35,50,65,50,50,45,45,50
460,9837,Stade de Reims,REI,2012,61,48,48,52,50,33,44,50
461,9837,Stade de Reims,REI,2013,61,48,48,52,50,33,44,50
462,9837,Stade de Reims,REI,2014,48,48,48,52,50,33,44,50
463,9837,Stade de Reims,REI,2015,48,49,48,52,58,33,44,50
464,7794,SC Bastia,BAS,2010,40,45,50,35,55,70,70,70
465,7794,SC Bastia,BAS,2012,50,50,50,51,49,44,45,50
466,7794,SC Bastia,BAS,2013,50,50,50,51,49,44,45,50
467,7794,SC Bastia,BAS,2014,67,43,56,51,49,39,47,48
468,7794,SC Bastia,BAS,2015,61,52,56,51,49,44,55,48
469,10242,ES Troyes AC,TRO,2011,35,50,50,50,35,45,45,50
470,10242,ES Troyes AC,TRO,2012,49,51,52,49,49,43,42,52
471,10242,ES Troyes AC,TRO,2013,49,51,52,49,49,43,42,52
472,10242,ES Troyes AC,TRO,2014,49,51,52,49,46,43,42,52
473,10242,ES Troyes AC,TRO,2015,49,51,52,49,46,43,42,52
474,9747,En Avant de Guingamp,GUI,2010,35,30,45,55,70,30,65,30
475,9747,En Avant de Guingamp,GUI,2012,52,48,53,49,48,33,43,49
476,9747,En Avant de Guingamp,GUI,2013,52,48,53,49,59,46,43,49
477,9747,En Avant de Guingamp,GUI,2014,63,48,53,49,48,43,47,49
478,9747,En Avant de Guingamp,GUI,2015,63,58,42,56,36,49,47,49
479,8550,FC Metz,MET,2010,50,30,50,60,65,30,50,30
480,8550,FC Metz,MET,2011,65,65,35,65,50,35,35,65
481,8550,FC Metz,MET,2012,50,49,49,54,53,46,47,50
482,8550,FC Metz,MET,2014,55,49,49,54,53,46,54,50
483,8550,FC Metz,MET,2015,55,49,46,54,53,39,46,42
484,8121,Angers SCO,ANG,2010,45,35,35,50,60,30,55,30
485,8121,Angers SCO,ANG,2011,65,50,50,65,65,45,45,50
486,8121,Angers SCO,ANG,2012,50,50,52,52,48,44,44,51
487,8121,Angers SCO,ANG,2013,50,50,52,52,48,44,44,51
488,8121,Angers SCO,ANG,2014,48,50,40,52,48,44,44,51
489,8121,Angers SCO,ANG,2015,48,50,40,52,48,44,44,51
490,6391,GFC Ajaccio,GAJ,2013,61,52,55,66,58,47,46,53
491,6391,GFC Ajaccio,GAJ,2015,48,52,55,53,55,42,46,53
492,9823,FC Bayern Munich,BMU,2010,65,40,65,70,70,70,40,65
493,9823,FC Bayern Munich,BMU,2011,42,40,34,30,72,39,52,65
494,9823,FC Bayern Munich,BMU,2012,47,40,34,31,55,49,35,50
495,9823,FC Bayern Munich,BMU,2013,56,41,40,44,39,52,54,52
496,9823,FC Bayern Munich,BMU,2014,37,22,21,38,40,61,59,40
497,9823,FC Bayern Munich,BMU,2015,45,28,37,31,22,72,53,59
498,9790,Hamburger SV,HAM,2010,70,60,70,60,70,70,45,60
499,9790,Hamburger SV,HAM,2011,52,29,61,58,54,60,55,52
500,9790,Hamburger SV,HAM,2012,46,40,60,55,39,55,47,48
501,9790,Hamburger SV,HAM,2013,34,38,34,59,48,45,35,58
502,9790,Hamburger SV,HAM,2014,45,58,60,73,62,45,32,63
503,9790,Hamburger SV,HAM,2015,42,52,62,58,47,44,41,49
504,8178,Bayer 04 Leverkusen,LEV,2010,70,30,70,70,70,70,60,70
505,8178,Bayer 04 Leverkusen,LEV,2011,67,38,51,47,55,57,39,51
506,8178,Bayer 04 Leverkusen,LEV,2012,58,55,52,55,56,50,42,47
507,8178,Bayer 04 Leverkusen,LEV,2013,64,55,52,54,37,58,38,47
508,8178,Bayer 04 Leverkusen,LEV,2014,69,55,52,55,39,50,46,54
509,8178,Bayer 04 Leverkusen,LEV,2015,73,55,77,54,61,61,72,50
510,9789,Borussia Dortmund,DOR,2010,70,45,70,34,66,54,70,53
511,9789,Borussia Dortmund,DOR,2011,73,43,60,53,64,59,67,46
512,9789,Borussia Dortmund,DOR,2012,71,45,67,44,70,58,69,46
513,9789,Borussia Dortmund,DOR,2013,74,45,70,48,76,60,70,48
514,9789,Borussia Dortmund,DOR,2014,76,61,53,44,73,60,68,43
515,9789,Borussia Dortmund,DOR,2015,71,40,70,44,49,65,71,40
516,10189,FC Schalke 04,S04,2010,65,55,55,70,70,70,45,70
517,10189,FC Schalke 04,S04,2011,63,57,55,70,62,37,67,38
518,10189,FC Schalke 04,S04,2012,50,36,59,52,56,43,44,53
519,10189,FC Schalke 04,S04,2013,60,47,62,54,52,45,58,42
520,10189,FC Schalke 04,S04,2014,39,45,42,56,41,51,51,40
521,10189,FC Schalke 04,S04,2015,58,42,64,61,37,55,59,56
522,9904,Hannover 96,HAN,2010,55,70,65,45,65,70,70,70
523,9904,Hannover 96,HAN,2011,55,56,55,43,53,39,37,53
524,9904,Hannover 96,HAN,2012,65,58,63,44,64,39,45,47
525,9904,Hannover 96,HAN,2013,78,58,66,39,41,39,48,47
526,9904,Hannover 96,HAN,2014,48,38,38,51,40,37,48,56
527,9904,Hannover 96,HAN,2015,48,41,38,51,40,35,50,61
528,8721,VfL Wolfsburg,WOL,2010,65,45,65,60,70,45,60,50
529,8721,VfL Wolfsburg,WOL,2011,65,45,65,36,51,58,47,66
530,8721,VfL Wolfsburg,WOL,2012,54,59,67,56,48,38,40,45
531,8721,VfL Wolfsburg,WOL,2013,58,57,68,72,70,64,42,55
532,8721,VfL Wolfsburg,WOL,2014,58,45,68,60,54,59,48,47
533,8721,VfL Wolfsburg,WOL,2015,68,57,69,66,50,66,46,55
534,8722,1. FC Köln,FCK,2010,55,65,65,40,60,45,55,70
535,8722,1. FC Köln,FCK,2011,58,71,42,39,50,40,40,56
536,8722,1. FC Köln,FCK,2012,53,53,57,44,57,43,55,67
537,8722,1. FC Köln,FCK,2013,60,56,57,44,57,43,55,67
538,8722,1. FC Köln,FCK,2014,59,57,53,47,59,57,46,54
539,8722,1. FC Köln,FCK,2015,59,65,57,36,71,42,56,51
540,9810,Eintracht Frankfurt,EFR,2010,60,35,35,70,60,65,30,45
541,9810,Eintracht Frankfurt,EFR,2011,52,43,62,62,41,48,50,53
542,9810,Eintracht Frankfurt,EFR,2012,38,34,47,45,48,46,45,54
543,9810,Eintracht Frankfurt,EFR,2013,41,34,47,45,48,46,45,57
544,9810,Eintracht Frankfurt,EFR,2014,63,42,57,50,52,43,46,55
545,9810,Eintracht Frankfurt,EFR,2015,51,38,47,58,40,48,42,55
546,8177,Hertha BSC Berlin,HBE,2010,60,50,45,55,55,55,30,55
547,8177,Hertha BSC Berlin,HBE,2011,59,43,56,50,66,50,43,55
548,8177,Hertha BSC Berlin,HBE,2012,48,45,45,51,46,50,50,55
549,8177,Hertha BSC Berlin,HBE,2013,40,55,63,46,63,50,38,55
550,8177,Hertha BSC Berlin,HBE,2014,68,55,51,59,59,41,60,51
551,8177,Hertha BSC Berlin,HBE,2015,47,55,59,68,45,50,45,57
552,9912,DSC Arminia Bielefeld,BIE,2010,40,65,45,70,50,45,40,50
553,9912,DSC Arminia Bielefeld,BIE,2011,46,58,45,33,42,38,48,50
554,9912,DSC Arminia Bielefeld,BIE,2014,62,55,56,51,52,36,54,48
555,8697,SV Werder Bremen,WBR,2010,70,40,70,40,70,70,65,70
556,8697,SV Werder Bremen,WBR,2011,64,40,65,48,64,64,48,68
557,8697,SV Werder Bremen,WBR,2012,54,40,68,58,48,49,50,65
558,8697,SV Werder Bremen,WBR,2013,68,33,71,67,78,60,50,64
559,8697,SV Werder Bremen,WBR,2014,40,47,37,40,51,40,50,45
560,8697,SV Werder Bremen,WBR,2015,56,63,68,66,58,63,47,73
561,8398,FC Energie Cottbus,COT,2010,45,55,30,55,45,68,70,68
562,8398,FC Energie Cottbus,COT,2011,64,55,71,38,52,58,48,40
563,8398,FC Energie Cottbus,COT,2012,50,48,47,67,53,57,47,52
564,8398,FC Energie Cottbus,COT,2013,50,48,47,67,53,57,47,52
565,8398,FC Energie Cottbus,COT,2014,39,40,52,67,56,47,55,52
566,8226,TSG 1899 Hoffenheim,HOF,2010,70,30,70,55,55,65,70,65
567,8226,TSG 1899 Hoffenheim,HOF,2011,75,35,72,51,68,68,50,52
568,8226,TSG 1899 Hoffenheim,HOF,2012,61,53,42,62,54,47,59,40
569,8226,TSG 1899 Hoffenheim,HOF,2013,32,53,36,62,64,47,52,45
570,8226,TSG 1899 Hoffenheim,HOF,2014,68,63,68,38,55,56,57,54
571,8226,TSG 1899 Hoffenheim,HOF,2015,69,53,66,62,59,63,61,38
572,9788,Borussia Mönchengladbach,GLA,2010,65,45,50,70,65,55,40,65
573,9788,Borussia Mönchengladbach,GLA,2011,63,46,60,51,61,49,58,49
574,9788,Borussia Mönchengladbach,GLA,2012,57,64,54,48,55,33,43,38
575,9788,Borussia Mönchengladbach,GLA,2013,76,40,66,48,30,33,53,41
576,9788,Borussia Mönchengladbach,GLA,2014,31,32,38,26,49,43,50,41
577,9788,Borussia Mönchengladbach,GLA,2015,31,32,38,26,49,41,48,39
578,10269,VfB Stuttgart,STU,2010,70,30,60,70,70,65,50,60
579,10269,VfB Stuttgart,STU,2011,64,48,60,62,56,45,56,39
580,10269,VfB Stuttgart,STU,2012,50,42,56,66,48,47,44,43
581,10269,VfB Stuttgart,STU,2013,59,41,58,66,65,47,52,38
582,10269,VfB Stuttgart,STU,2014,54,53,60,56,48,46,54,40
583,10269,VfB Stuttgart,STU,2015,59,41,58,66,48,41,44,32
584,8295,Karlsruher SC,KAR,2010,70,35,70,65,70,65,40,65
585,8295,Karlsruher SC,KAR,2011,53,55,71,56,56,52,46,47
586,8295,Karlsruher SC,KAR,2012,54,47,53,44,49,34,46,39
587,8295,Karlsruher SC,KAR,2014,56,53,53,46,49,32,46,37
588,8295,Karlsruher SC,KAR,2015,54,47,53,44,49,34,46,39
589,9911,VfL Bochum,BOC,2010,50,65,55,45,50,40,60,40
590,9911,VfL Bochum,BOC,2011,55,56,55,49,52,48,60,56
591,9911,VfL Bochum,BOC,2012,40,48,51,54,37,34,53,49
592,9911,VfL Bochum,BOC,2013,40,48,51,54,37,40,53,41
593,9911,VfL Bochum,BOC,2014,38,48,51,54,36,34,53,49
594,9911,VfL Bochum,BOC,2015,69,57,66,40,66,58,47,67
595,8358,SC Freiburg,FRE,2010,50,30,30,70,60,55,50,50
596,8358,SC Freiburg,FRE,2011,50,47,47,41,34,41,42,50
597,8358,SC Freiburg,FRE,2012,52,61,62,50,42,30,50,39
598,8358,SC Freiburg,FRE,2013,59,38,55,39,43,53,62,37
599,8358,SC Freiburg,FRE,2014,39,48,55,33,44,59,60,39
600,8358,SC Freiburg,FRE,2015,59,38,55,44,45,53,62,29
601,8165,1. FC Nürnberg,NUR,2010,45,50,40,70,70,55,55,40
602,8165,1. FC Nürnberg,NUR,2011,45,50,47,45,56,55,61,46
603,8165,1. FC Nürnberg,NUR,2012,44,49,51,49,48,30,40,43
604,8165,1. FC Nürnberg,NUR,2013,46,49,56,54,67,39,57,44
605,8165,1. FC Nürnberg,NUR,2014,46,38,58,48,55,51,50,47
606,8165,1. FC Nürnberg,NUR,2015,46,49,51,52,59,30,40,44
607,9905,1. FSV Mainz 05,MAI,2010,45,40,45,70,70,50,70,50
608,9905,1. FSV Mainz 05,MAI,2011,65,50,59,62,53,57,53,43
609,9905,1. FSV Mainz 05,MAI,2012,68,57,55,39,60,52,65,53
610,9905,1. FSV Mainz 05,MAI,2013,66,52,55,37,56,48,65,53
611,9905,1. FSV Mainz 05,MAI,2014,67,57,55,38,44,53,60,52
612,9905,1. FSV Mainz 05,MAI,2015,60,53,49,40,44,55,62,47
613,8350,1. FC Kaiserslautern,KAI,2010,45,55,45,70,70,70,70,70
614,8350,1. FC Kaiserslautern,KAI,2011,48,42,49,68,53,38,48,53
615,8350,1. FC Kaiserslautern,KAI,2012,38,54,43,49,64,37,51,53
616,8350,1. FC Kaiserslautern,KAI,2013,61,54,43,62,56,48,50,53
617,8350,1. FC Kaiserslautern,KAI,2014,66,53,54,69,51,47,47,49
618,8350,1. FC Kaiserslautern,KAI,2015,49,52,49,54,64,41,51,53
619,8152,FC St. Pauli,STP,2010,60,60,50,70,70,60,70,55
620,8152,FC St. Pauli,STP,2011,60,42,63,55,56,49,60,55
621,8152,FC St. Pauli,STP,2012,53,64,60,34,53,49,44,59
622,8152,FC St. Pauli,STP,2013,53,56,62,46,53,49,44,57
623,8152,FC St. Pauli,STP,2014,53,56,68,53,34,46,44,54
624,8152,FC St. Pauli,STP,2015,52,56,62,53,38,39,44,57
625,8406,FC Augsburg,AUG,2010,45,45,35,70,70,45,55,45
626,8406,FC Augsburg,AUG,2011,68,40,52,64,72,59,49,42
627,8406,FC Augsburg,AUG,2012,55,55,49,57,55,47,58,56
628,8406,FC Augsburg,AUG,2013,40,55,49,72,53,33,43,52
629,8406,FC Augsburg,AUG,2014,62,69,41,63,56,47,55,52
630,8406,FC Augsburg,AUG,2015,59,55,49,62,55,34,50,59
631,8194,Fortuna Düsseldorf,FDU,2010,65,35,70,50,52,45,70,54
632,8194,Fortuna Düsseldorf,FDU,2011,51,38,52,40,54,46,59,34
633,8194,Fortuna Düsseldorf,FDU,2012,67,47,67,68,55,56,57,52
634,8194,Fortuna Düsseldorf,FDU,2013,41,69,55,68,52,24,48,45
635,8194,Fortuna Düsseldorf,FDU,2014,72,57,55,49,37,47,48,50
636,8194,Fortuna Düsseldorf,FDU,2015,47,47,55,68,55,56,57,52
637,8357,SpVgg Greuther Fürth,GRF,2010,55,45,30,70,70,40,55,60
638,8357,SpVgg Greuther Fürth,GRF,2011,59,40,56,54,48,59,46,53
639,8357,SpVgg Greuther Fürth,GRF,2012,68,45,54,44,43,48,56,66
640,8357,SpVgg Greuther Fürth,GRF,2013,57,53,54,49,46,36,56,33
641,8357,SpVgg Greuther Fürth,GRF,2014,66,38,56,40,52,49,48,62
642,8357,SpVgg Greuther Fürth,GRF,2015,54,53,54,49,46,48,56,66
643,9776,Eintracht Braunschweig,BRA,2012,64,54,52,66,62,54,42,48
644,9776,Eintracht Braunschweig,BRA,2013,68,54,62,66,67,57,47,53
645,9776,Eintracht Braunschweig,BRA,2014,61,62,59,43,55,30,40,39
646,9776,Eintracht Braunschweig,BRA,2015,66,54,62,59,51,57,47,53
647,8460,SC Paderborn 07,PAD,2010,70,49,50,34,55,30,48,30
648,8460,SC Paderborn 07,PAD,2011,52,48,49,37,55,36,48,40
649,8460,SC Paderborn 07,PAD,2012,67,59,52,48,68,33,52,53
650,8460,SC Paderborn 07,PAD,2013,67,59,52,48,68,40,52,53
651,8460,SC Paderborn 07,PAD,2014,73,55,52,48,63,33,55,53
652,8460,SC Paderborn 07,PAD,2015,67,62,56,48,56,25,29,54
653,8234,FC Ingolstadt 04,ING,2011,47,54,54,51,46,37,50,53
654,8234,FC Ingolstadt 04,ING,2012,55,46,47,53,51,33,42,49
655,8234,FC Ingolstadt 04,ING,2013,55,46,47,53,51,33,42,49
656,8234,FC Ingolstadt 04,ING,2014,54,47,53,33,52,42,36,49
657,8234,FC Ingolstadt 04,ING,2015,55,46,47,53,51,37,48,49
658,8262,SV Darmstadt 98,DAR,2015,59,77,52,77,45,32,56,41
659,8524,Atalanta,ATA,2010,35,40,35,30,55,30,30,55
660,8524,Atalanta,ATA,2011,65,50,50,65,55,45,55,65
661,8524,Atalanta,ATA,2012,40,50,53,47,50,55,42,50
662,8524,Atalanta,ATA,2013,64,36,38,49,51,54,53,49
663,8524,Atalanta,ATA,2014,64,37,38,49,51,36,66,49
664,8524,Atalanta,ATA,2015,64,37,38,49,51,36,63,49
665,8551,Siena,SIE,2010,35,30,30,30,55,40,65,55
666,8551,Siena,SIE,2011,50,50,50,65,55,40,45,55
667,8551,Siena,SIE,2012,45,50,50,50,50,45,45,50
668,8551,Siena,SIE,2013,47,48,54,56,52,37,49,51
669,8551,Siena,SIE,2014,47,48,64,67,52,44,49,51
670,8529,Cagliari,CAG,2010,40,30,30,35,55,40,55,60
671,8529,Cagliari,CAG,2011,65,50,50,65,50,45,45,51
672,8529,Cagliari,CAG,2012,40,50,65,50,50,45,45,50
673,8529,Cagliari,CAG,2013,63,36,66,51,51,46,56,51
674,8529,Cagliari,CAG,2014,63,53,33,51,68,37,56,51
675,8529,Cagliari,CAG,2015,67,35,69,58,69,65,65,57
676,8543,Lazio,LAZ,2010,60,50,50,40,70,55,50,70
677,8543,Lazio,LAZ,2011,60,35,50,35,51,45,50,35
678,8543,Lazio,LAZ,2012,45,50,65,50,50,35,45,50
679,8543,Lazio,LAZ,2013,51,54,68,52,69,59,53,54
680,8543,Lazio,LAZ,2014,49,54,68,63,69,59,53,54
681,8543,Lazio,LAZ,2015,68,55,68,80,72,59,66,65
682,8530,Catania,CAT,2010,35,30,30,30,60,35,55,50
683,8530,Catania,CAT,2011,65,35,50,65,63,35,55,50
684,8530,Catania,CAT,2012,40,50,50,50,50,25,50,35
685,8530,Catania,CAT,2013,67,37,67,52,52,37,57,52
686,8530,Catania,CAT,2014,75,48,53,52,36,28,67,52
687,8530,Catania,CAT,2015,70,48,53,52,36,31,64,52
688,10233,Genoa,GEN,2010,70,50,70,40,65,40,65,30
689,10233,Genoa,GEN,2011,65,35,50,50,50,54,65,35
690,10233,Genoa,GEN,2012,50,50,50,50,50,45,45,50
691,10233,Genoa,GEN,2013,64,38,66,67,49,46,47,53
692,10233,Genoa,GEN,2014,64,68,66,53,49,23,47,53
693,10233,Genoa,GEN,2015,64,68,66,45,23,27,47,53
694,8533,Chievo Verona,CHI,2010,45,30,35,45,65,30,70,65
695,8533,Chievo Verona,CHI,2011,45,50,49,45,35,36,70,51
696,8533,Chievo Verona,CHI,2012,60,65,50,50,65,25,45,50
697,8533,Chievo Verona,CHI,2013,66,67,52,51,66,26,59,51
698,8533,Chievo Verona,CHI,2014,66,67,52,66,52,46,59,51
699,8533,Chievo Verona,CHI,2015,66,67,52,66,52,46,59,51
700,8690,Reggio Calabria,REG,2010,55,30,30,30,70,40,50,50
701,8690,Reggio Calabria,REG,2011,55,30,30,30,49,40,50,50
702,8690,Reggio Calabria,REG,2012,50,50,50,65,50,35,45,50
703,8690,Reggio Calabria,REG,2013,52,56,57,74,55,38,48,52
704,8690,Reggio Calabria,REG,2014,52,56,57,74,53,38,48,52
705,8535,Fiorentina,FIO,2010,67,30,50,60,60,45,30,60
706,8535,Fiorentina,FIO,2011,49,50,50,60,60,45,45,50
707,8535,Fiorentina,FIO,2012,45,50,65,50,50,45,45,50
708,8535,Fiorentina,FIO,2013,53,51,64,51,53,47,47,51
709,8535,Fiorentina,FIO,2014,34,33,68,51,53,58,59,67
710,8535,Fiorentina,FIO,2015,34,33,68,51,53,58,59,61
711,9885,Juventus,JUV,2010,45,35,45,55,70,50,35,70
712,9885,Juventus,JUV,2011,65,50,50,77,50,55,55,35
713,9885,Juventus,JUV,2012,50,35,65,65,50,35,55,35
714,9885,Juventus,JUV,2013,39,33,51,63,72,66,67,36
715,9885,Juventus,JUV,2014,26,24,64,53,72,23,67,36
716,9885,Juventus,JUV,2015,50,20,65,50,80,35,65,35
717,8564,Milan,ACM,2010,45,30,55,45,70,30,35,60
718,8564,Milan,ACM,2011,65,50,50,60,50,50,50,50
719,8564,Milan,ACM,2012,45,50,65,20,50,45,45,50
720,8564,Milan,ACM,2013,48,54,51,53,64,48,49,53
721,8564,Milan,ACM,2014,48,52,66,36,75,58,57,49
722,8564,Milan,ACM,2015,48,52,66,36,69,58,57,49
723,9857,Bologna,BOL,2010,65,55,30,70,65,55,30,50
724,9857,Bologna,BOL,2011,65,35,35,35,50,30,50,50
725,9857,Bologna,BOL,2012,40,50,35,35,50,35,45,50
726,9857,Bologna,BOL,2013,63,48,49,63,63,43,43,48
727,9857,Bologna,BOL,2014,63,48,32,48,52,28,54,48
728,9857,Bologna,BOL,2015,63,48,32,48,52,30,54,48
729,8686,Roma,ROM,2010,70,30,60,60,70,55,30,70
730,8686,Roma,ROM,2011,64,30,67,50,65,46,47,50
731,8686,Roma,ROM,2012,60,40,65,35,50,35,45,50
732,8686,Roma,ROM,2013,53,55,77,75,56,49,47,53
733,8686,Roma,ROM,2014,67,38,73,64,56,36,57,34
734,8686,Roma,ROM,2015,68,47,71,54,66,36,57,48
735,9875,Napoli,NAP,2010,70,30,30,35,70,50,70,45
736,9875,Napoli,NAP,2011,50,35,65,65,50,50,70,45
737,9875,Napoli,NAP,2012,60,50,65,65,50,45,55,50
738,9875,Napoli,NAP,2013,68,52,68,69,53,44,57,53
739,9875,Napoli,NAP,2014,72,34,76,66,73,61,59,39
740,9875,Napoli,NAP,2015,53,37,68,54,67,47,57,53
741,9882,Sampdoria,SAM,2010,60,30,30,30,65,50,30,55
742,9882,Sampdoria,SAM,2011,50,65,65,65,50,35,45,55
743,9882,Sampdoria,SAM,2012,35,35,35,65,35,45,45,50
744,9882,Sampdoria,SAM,2013,36,38,49,62,33,50,51,53
745,9882,Sampdoria,SAM,2014,36,38,49,52,62,54,57,64
746,9882,Sampdoria,SAM,2015,36,38,49,52,29,50,51,53
747,8636,Inter,INT,2010,55,55,50,55,70,50,60,55
748,8636,Inter,INT,2011,55,50,50,55,65,50,60,55
749,8636,Inter,INT,2012,45,50,65,50,65,35,55,35
750,8636,Inter,INT,2013,67,67,68,52,66,36,57,38
751,8636,Inter,INT,2014,67,67,68,69,66,23,57,34
752,8636,Inter,INT,2015,58,54,56,60,53,47,49,63
753,9804,Torino,TOR,2010,45,35,40,30,70,45,35,55
754,9804,Torino,TOR,2011,45,35,40,47,35,45,45,55
755,9804,Torino,TOR,2012,50,50,50,65,50,35,45,50
756,9804,Torino,TOR,2013,71,36,37,72,53,39,46,52
757,9804,Torino,TOR,2014,76,64,64,72,53,39,34,52
758,9804,Torino,TOR,2015,69,36,37,69,53,39,46,52
759,9888,Lecce,LEC,2010,40,30,45,60,70,30,70,65
760,9888,Lecce,LEC,2011,50,50,50,60,52,30,55,65
761,9888,Lecce,LEC,2012,45,50,50,50,35,35,55,50
762,8600,Udinese,UDI,2010,64,35,30,50,70,35,30,55
763,8600,Udinese,UDI,2011,70,49,66,50,50,44,45,55
764,8600,Udinese,UDI,2012,75,45,65,65,50,45,55,50
765,8600,Udinese,UDI,2013,78,63,69,78,52,40,63,57
766,8600,Udinese,UDI,2014,71,63,69,78,52,40,46,57
767,8600,Udinese,UDI,2015,68,63,69,68,52,40,57,57
768,8540,Palermo,PAL,2010,63,50,30,30,70,45,40,60
769,8540,Palermo,PAL,2011,65,35,50,65,50,35,45,50
770,8540,Palermo,PAL,2012,60,40,50,35,65,45,45,50
771,8540,Palermo,PAL,2013,66,37,56,34,63,43,42,48
772,8540,Palermo,PAL,2014,66,37,56,34,63,43,42,48
773,8540,Palermo,PAL,2015,66,36,60,34,64,44,58,50
774,9976,Bari,BAR,2010,30,30,30,40,65,40,30,45
775,9976,Bari,BAR,2011,65,35,65,63,65,55,45,60
776,9976,Bari,BAR,2012,50,50,50,35,50,45,45,50
777,9976,Bari,BAR,2013,55,57,54,44,60,49,51,61
778,9976,Bari,BAR,2014,55,57,54,44,56,49,51,53
779,9976,Bari,BAR,2015,52,65,40,55,48,50,51,55
780,8537,Livorno,LIV,2010,30,30,30,30,55,30,30,30
781,8537,Livorno,LIV,2011,65,50,30,65,65,45,60,30
782,8537,Livorno,LIV,2012,50,50,35,50,50,35,45,35
783,8537,Livorno,LIV,2013,58,55,52,57,63,58,49,56
784,8537,Livorno,LIV,2014,58,67,38,23,77,29,57,32
785,8537,Livorno,LIV,2015,58,67,38,27,69,31,57,38
786,10167,Parma,PAR,2010,30,30,40,60,70,45,30,70
787,10167,Parma,PAR,2011,50,30,48,55,65,45,47,50
788,10167,Parma,PAR,2012,45,35,50,65,50,45,45,50
789,10167,Parma,PAR,2013,48,33,46,62,45,39,43,46
790,10167,Parma,PAR,2014,48,33,69,62,45,54,66,46
791,10167,Parma,PAR,2015,48,33,69,62,45,43,43,46
792,9880,Cesena,CES,2010,30,30,35,45,65,50,30,50
793,9880,Cesena,CES,2011,50,50,35,35,50,35,55,50
794,9880,Cesena,CES,2012,60,40,50,35,65,35,45,50
795,9880,Cesena,CES,2013,73,44,53,44,73,39,49,57
796,9880,Cesena,CES,2014,73,41,53,44,73,39,49,57
797,9880,Cesena,CES,2015,66,41,53,44,66,39,49,57
798,9858,Brescia,BRE,2010,30,30,35,50,70,45,30,55
799,9858,Brescia,BRE,2011,30,50,50,65,65,45,45,55
800,9858,Brescia,BRE,2012,35,35,35,20,65,35,45,50
801,9858,Brescia,BRE,2013,42,43,45,25,75,41,52,62
802,9858,Brescia,BRE,2014,42,27,54,25,75,41,52,57
803,9858,Brescia,BRE,2015,42,43,41,48,69,41,52,57
804,6269,Novara,NOV,2011,53,35,50,64,49,60,51,40
805,6269,Novara,NOV,2012,55,50,50,50,50,35,45,50
806,6269,Novara,NOV,2013,66,62,56,55,61,36,49,62
807,6269,Novara,NOV,2014,66,56,56,55,57,36,49,53
808,9878,Pescara,PES,2011,50,60,35,50,35,35,60,50
809,9878,Pescara,PES,2012,65,65,65,50,65,45,45,35
810,9878,Pescara,PES,2013,55,40,58,47,36,44,48,48
811,9878,Pescara,PES,2014,64,36,51,64,54,26,46,48
812,9878,Pescara,PES,2015,64,53,41,49,41,39,46,43
813,9876,Hellas Verona,VER,2012,50,50,50,50,50,45,55,50
814,9876,Hellas Verona,VER,2013,58,63,55,57,61,47,59,63
815,9876,Hellas Verona,VER,2014,63,48,39,54,55,31,47,37
816,9876,Hellas Verona,VER,2015,57,38,39,54,55,47,59,52
817,7943,Sassuolo,SAS,2010,30,30,30,30,60,30,30,30
818,7943,Sassuolo,SAS,2011,50,50,50,61,60,45,30,30
819,7943,Sassuolo,SAS,2012,50,50,50,50,50,35,45,50
820,7943,Sassuolo,SAS,2013,57,60,56,63,64,38,47,53
821,7943,Sassuolo,SAS,2014,57,60,66,57,63,54,47,36
822,7943,Sassuolo,SAS,2015,57,60,56,57,56,38,47,53
823,8534,Empoli,EMP,2010,30,30,30,30,55,30,30,30
824,8534,Empoli,EMP,2011,50,35,50,50,55,45,45,47
825,8534,Empoli,EMP,2012,50,50,50,50,50,35,45,50
826,8534,Empoli,EMP,2013,51,54,53,54,62,39,50,59
827,8534,Empoli,EMP,2014,63,39,66,67,51,53,57,54
828,8534,Empoli,EMP,2015,66,36,59,64,63,46,66,48
829,9891,Frosinone,FRO,2010,30,30,30,45,65,30,30,65
830,9891,Frosinone,FRO,2011,70,48,46,45,65,61,67,65
831,9891,Frosinone,FRO,2015,63,46,51,50,50,55,57,47
832,208931,Carpi,CAP,2014,32,31,47,36,54,46,44,51
833,208931,Carpi,CAP,2015,80,65,70,40,50,25,55,35
834,8277,Vitesse,VIT,2010,35,35,40,50,60,30,30,30
835,8277,Vitesse,VIT,2011,33,50,68,51,54,55,60,64
836,8277,Vitesse,VIT,2012,37,30,57,42,56,42,54,48
837,8277,Vitesse,VIT,2013,37,39,52,42,62,42,45,48
838,8277,Vitesse,VIT,2014,53,32,53,54,56,42,54,62
839,8277,Vitesse,VIT,2015,57,48,53,37,71,60,58,62
840,8674,FC Groningen,GRO,2010,41,32,40,47,69,30,30,30
841,8674,FC Groningen,GRO,2011,51,39,48,67,62,43,44,49
842,8674,FC Groningen,GRO,2012,44,41,48,64,42,49,47,53
843,8674,FC Groningen,GRO,2013,44,44,56,58,42,49,47,53
844,8674,FC Groningen,GRO,2014,48,38,57,59,45,49,47,53
845,8674,FC Groningen,GRO,2015,55,55,57,59,54,49,47,53
846,9803,Roda JC Kerkrade,ROD,2010,30,35,35,50,70,30,30,30
847,9803,Roda JC Kerkrade,ROD,2011,65,51,33,38,53,48,57,34
848,9803,Roda JC Kerkrade,ROD,2012,55,52,62,43,54,47,44,50
849,9803,Roda JC Kerkrade,ROD,2013,42,44,49,40,38,47,44,55
850,9803,Roda JC Kerkrade,ROD,2014,43,44,59,45,42,39,37,42
851,8611,FC Twente,TWE,2010,30,30,40,40,65,30,30,30
852,8611,FC Twente,TWE,2011,55,55,63,62,47,61,59,54
853,8611,FC Twente,TWE,2012,25,28,44,68,37,62,68,67
854,8611,FC Twente,TWE,2013,35,38,44,50,41,34,44,54
855,8611,FC Twente,TWE,2014,38,34,63,65,37,44,41,55
856,8611,FC Twente,TWE,2015,48,43,43,58,39,44,41,55
857,8525,Willem II,WII,2010,35,30,30,40,65,30,30,30
858,8525,Willem II,WII,2011,72,57,70,47,49,28,63,62
859,8525,Willem II,WII,2013,48,55,48,53,46,43,35,47
860,8525,Willem II,WII,2015,51,63,48,53,52,43,45,47
861,8593,Ajax,AJA,2010,30,30,50,60,70,30,30,30
862,8593,Ajax,AJA,2011,40,38,67,65,67,65,57,63
863,8593,Ajax,AJA,2012,31,33,39,64,46,68,65,60
864,8593,Ajax,AJA,2013,35,33,39,52,46,68,65,50
865,8593,Ajax,AJA,2014,40,30,51,55,39,64,53,64
866,8593,Ajax,AJA,2015,35,39,58,55,30,64,53,59
867,8464,N.E.C.,NEC,2010,32,30,35,40,60,30,30,30
868,8464,N.E.C.,NEC,2011,47,46,48,78,32,33,54,31
869,8464,N.E.C.,NEC,2012,46,38,39,55,50,45,48,53
870,8464,N.E.C.,NEC,2013,46,41,52,37,57,45,48,53
871,8464,N.E.C.,NEC,2014,49,59,52,49,55,40,48,53
872,8526,De Graafschap,GRA,2011,30,40,43,45,65,42,45,50
873,8526,De Graafschap,GRA,2012,37,41,47,40,63,52,43,41
874,9908,FC Utrecht,UTR,2010,45,45,33,50,67,30,30,30
875,9908,FC Utrecht,UTR,2011,66,45,41,69,72,34,57,34
876,9908,FC Utrecht,UTR,2012,47,52,52,54,52,45,49,47
877,9908,FC Utrecht,UTR,2013,47,52,52,54,60,45,49,47
878,9908,FC Utrecht,UTR,2014,50,52,55,49,52,45,49,47
879,9908,FC Utrecht,UTR,2015,50,54,55,64,28,54,58,47
880,8640,PSV,PSV,2010,30,30,33,52,70,30,30,30
881,8640,PSV,PSV,2011,63,30,67,65,68,57,37,64
882,8640,PSV,PSV,2012,33,42,40,55,48,43,30,48
883,8640,PSV,PSV,2013,54,45,55,58,55,43,50,48
884,8640,PSV,PSV,2014,67,40,53,53,55,50,62,55
885,8640,PSV,PSV,2015,67,43,53,44,28,40,40,48
886,9791,Heracles Almelo,HER,2010,30,45,31,43,59,30,30,30
887,9791,Heracles Almelo,HER,2011,69,45,40,70,45,36,66,34
888,9791,Heracles Almelo,HER,2012,43,27,55,58,60,33,43,47
889,9791,Heracles Almelo,HER,2013,39,32,40,42,66,47,43,47
890,9791,Heracles Almelo,HER,2014,46,32,48,58,59,60,62,47
891,9791,Heracles Almelo,HER,2015,50,61,48,58,59,60,62,47
892,10235,Feyenoord,FEY,2010,30,30,44,41,46,30,30,30
893,10235,Feyenoord,FEY,2011,47,53,43,33,32,48,59,53
894,10235,Feyenoord,FEY,2012,38,34,60,44,50,43,43,54
895,10235,Feyenoord,FEY,2013,44,44,48,62,50,43,43,40
896,10235,Feyenoord,FEY,2014,54,60,48,67,50,43,43,40
897,10235,Feyenoord,FEY,2015,50,48,48,67,31,43,46,40
898,8614,Sparta Rotterdam,SPA,2010,35,40,30,45,65,30,30,30
899,10217,ADO Den Haag,HAA,2010,30,35,30,50,65,30,30,30
900,10217,ADO Den Haag,HAA,2011,53,53,48,67,66,46,62,65
901,10217,ADO Den Haag,HAA,2012,38,44,55,60,44,50,58,62
902,10217,ADO Den Haag,HAA,2013,38,47,55,55,44,50,58,52
903,10217,ADO Den Haag,HAA,2014,58,55,55,52,44,57,50,52
904,10217,ADO Den Haag,HAA,2015,56,66,55,52,38,40,50,52
905,10228,SC Heerenveen,HEE,2010,35,30,45,45,60,30,30,30
906,10228,SC Heerenveen,HEE,2011,49,48,52,67,52,58,60,65
907,10228,SC Heerenveen,HEE,2012,67,53,48,75,39,45,44,48
908,10228,SC Heerenveen,HEE,2013,47,37,48,52,42,46,44,48
909,10228,SC Heerenveen,HEE,2014,53,46,65,43,46,46,44,48
910,10228,SC Heerenveen,HEE,2015,54,56,65,43,44,46,44,48
911,10229,AZ,ALK,2010,55,45,40,30,60,30,30,50
912,10229,AZ,ALK,2011,45,31,45,74,66,60,50,65
913,10229,AZ,ALK,2012,46,36,47,48,52,60,65,59
914,10229,AZ,ALK,2013,62,40,67,48,52,50,65,59
915,10229,AZ,ALK,2014,52,46,60,56,52,50,61,55
916,10229,AZ,ALK,2015,50,58,67,56,50,50,61,55
917,9761,NAC Breda,NAC,2010,30,35,35,40,60,30,30,30
918,9761,NAC Breda,NAC,2011,33,44,35,40,60,42,47,54
919,9761,NAC Breda,NAC,2012,40,48,48,47,42,43,48,50
920,9761,NAC Breda,NAC,2013,58,53,48,47,46,43,48,50
921,9761,NAC Breda,NAC,2014,46,54,32,42,42,43,39,50
922,9761,NAC Breda,NAC,2015,45,59,32,42,54,36,39,40
923,10219,RKC Waalwijk,RKC,2010,30,50,35,60,55,50,45,55
924,10219,RKC Waalwijk,RKC,2012,47,48,42,38,55,41,41,43
925,10219,RKC Waalwijk,RKC,2013,47,48,66,38,55,29,28,36
926,10219,RKC Waalwijk,RKC,2014,57,55,42,36,55,31,30,38
927,9839,VVV-Venlo,VEN,2010,50,50,50,50,50,50,50,50
928,9839,VVV-Venlo,VEN,2011,50,42,50,62,50,38,47,49
929,9839,VVV-Venlo,VEN,2012,41,52,48,60,47,46,55,54
930,9839,VVV-Venlo,VEN,2013,41,52,60,52,52,29,42,49
931,10218,Excelsior,EXC,2011,73,59,77,33,52,25,47,33
932,10218,Excelsior,EXC,2012,47,52,63,45,37,23,30,32
933,10218,Excelsior,EXC,2015,53,69,48,45,43,29,41,36
934,6413,PEC Zwolle,ZWO,2013,47,49,50,50,54,46,44,51
935,6413,PEC Zwolle,ZWO,2014,57,39,57,50,54,58,60,63
936,6413,PEC Zwolle,ZWO,2015,45,56,57,50,58,58,60,63
937,7788,SC Cambuur,CAM,2014,45,42,46,56,57,42,49,47
938,7788,SC Cambuur,CAM,2015,43,57,46,50,38,42,49,47
939,6433,Go Ahead Eagles,GAE,2014,55,42,37,42,53,43,47,51
940,6433,Go Ahead Eagles,GAE,2015,58,64,37,42,52,43,47,51
941,6631,FC Dordrecht,DOR,2015,39,62,62,66,48,51,58,55
942,10265,Wisła Kraków,WIS,2010,40,35,55,35,70,70,70,65
943,10265,Wisła Kraków,WIS,2011,67,48,53,63,67,58,47,52
944,10265,Wisła Kraków,WIS,2012,25,25,32,72,50,60,58,61
945,10265,Wisła Kraków,WIS,2013,30,30,32,72,50,60,58,61
946,10265,Wisła Kraków,WIS,2014,47,36,36,53,66,60,66,53
947,10265,Wisła Kraków,WIS,2015,33,37,33,37,31,62,58,37
948,8031,Polonia Bytom,POB,2010,30,50,45,35,70,60,70,55
949,8031,Polonia Bytom,POB,2011,46,38,36,33,53,53,54,55
950,8020,Polonia Bytom,GOR,2010,30,50,45,35,70,60,70,55
951,8020,Polonia Bytom,GOR,2011,46,38,36,33,53,53,54,55
952,1601,Ruch Chorzów,CHO,2010,30,40,50,35,70,65,60,50
953,1601,Ruch Chorzów,CHO,2011,48,51,68,67,51,46,48,50
954,1601,Ruch Chorzów,CHO,2012,53,55,44,65,50,43,44,49
955,1601,Ruch Chorzów,CHO,2013,53,55,44,65,50,43,44,49
956,1601,Ruch Chorzów,CHO,2014,53,38,66,65,50,43,44,49
957,1601,Ruch Chorzów,CHO,2015,47,38,61,65,50,43,44,49
958,8673,Legia Warszawa,LEG,2010,30,35,55,45,70,65,70,60
959,8673,Legia Warszawa,LEG,2011,67,35,55,36,53,59,48,66
960,8673,Legia Warszawa,LEG,2012,69,55,52,40,53,59,49,67
961,8673,Legia Warszawa,LEG,2013,69,55,52,40,53,59,49,63
962,8673,Legia Warszawa,LEG,2014,54,36,52,51,64,47,46,66
963,8673,Legia Warszawa,LEG,2015,54,36,52,51,64,50,60,58
964,2183,P. Warszawa,PWA,2010,30,40,45,40,70,55,65,55
965,2183,P. Warszawa,PWA,2011,33,47,69,40,53,55,34,51
966,2183,P. Warszawa,PWA,2012,34,45,39,67,74,31,32,50
967,2183,P. Warszawa,PWA,2013,34,45,39,52,40,57,32,50
968,8025,Śląsk Wrocław,SLA,2010,30,45,45,35,70,60,70,50
969,8025,Śląsk Wrocław,SLA,2011,47,55,45,48,54,48,47,51
970,8025,Śląsk Wrocław,SLA,2012,65,63,67,31,67,24,24,39
971,8025,Śląsk Wrocław,SLA,2013,65,50,67,31,67,30,30,40
972,8025,Śląsk Wrocław,SLA,2014,47,34,38,36,68,37,37,39
973,8025,Śląsk Wrocław,SLA,2015,50,35,51,51,55,45,55,39
974,8030,Lechia Gdańsk,LGD,2010,30,45,45,35,70,70,70,65
975,8030,Lechia Gdańsk,LGD,2011,63,37,68,30,52,46,60,47
976,8030,Lechia Gdańsk,LGD,2012,44,52,50,53,68,49,48,65
977,8030,Lechia Gdańsk,LGD,2013,44,52,50,53,68,49,59,60
978,8030,Lechia Gdańsk,LGD,2014,62,52,50,63,52,37,58,63
979,8030,Lechia Gdańsk,LGD,2015,62,52,66,59,58,51,58,40
980,8244,Widzew Łódź,LOD,2011,63,48,48,68,53,37,58,63
981,8244,Widzew Łódź,LOD,2012,66,72,70,61,54,32,32,62
982,8244,Widzew Łódź,LOD,2013,66,59,43,61,54,32,43,46
983,8244,Widzew Łódź,LOD,2014,66,72,66,67,51,36,38,65
984,8242,Odra Wodzisław,ODR,2010,30,45,45,40,70,70,70,65
985,2182,Lech Poznań,POZ,2010,40,35,45,40,70,60,55,45
986,2182,Lech Poznań,POZ,2011,64,57,68,48,70,59,37,48
987,2182,Lech Poznań,POZ,2012,67,54,56,62,67,47,47,63
988,2182,Lech Poznań,POZ,2013,67,54,56,62,67,47,47,63
989,2182,Lech Poznań,POZ,2014,67,54,56,62,67,47,47,63
990,2182,Lech Poznań,POZ,2015,57,40,59,70,67,50,58,45
991,8569,GKS Bełchatów,BEL,2010,30,50,45,40,70,65,70,65
992,8569,GKS Bełchatów,BEL,2011,47,27,45,51,54,48,60,37
993,8569,GKS Bełchatów,BEL,2012,52,67,52,73,50,47,45,35
994,8569,GKS Bełchatów,BEL,2013,52,43,52,37,50,47,45,40
995,8569,GKS Bełchatów,BEL,2015,52,43,52,37,50,47,45,40
996,8322,Arka Gdynia,ARK,2010,30,45,45,35,70,65,70,70
997,8322,Arka Gdynia,ARK,2011,46,37,33,62,52,47,48,45
998,1957,Jagiellonia Białystok,BIA,2010,30,50,45,35,70,70,70,70
999,1957,Jagiellonia Białystok,BIA,2011,33,52,48,39,64,32,56,52
1000,1957,Jagiellonia Białystok,BIA,2012,58,69,53,42,68,40,50,51
1001,1957,Jagiellonia Białystok,BIA,2013,58,69,53,42,68,40,50,51
1002,1957,Jagiellonia Białystok,BIA,2014,38,38,53,27,66,57,56,49
1003,1957,Jagiellonia Białystok,BIA,2015,66,38,53,33,66,57,56,49
1004,8028,Piast Gliwice,PIG,2010,30,45,45,35,70,65,70,60
1005,8028,Piast Gliwice,PIG,2013,30,46,48,37,39,32,45,48
1006,8028,Piast Gliwice,PIG,2014,64,67,64,66,39,36,45,48
1007,8028,Piast Gliwice,PIG,2015,64,67,64,66,39,36,45,48
1008,2186,Cracovia,CKR,2010,30,45,40,35,65,70,70,65
1009,2186,Cracovia,CKR,2011,46,51,48,48,52,48,33,63
1010,2186,Cracovia,CKR,2012,57,59,57,33,78,59,51,53
1011,2186,Cracovia,CKR,2014,37,38,66,66,33,59,34,64
1012,2186,Cracovia,CKR,2015,37,38,66,66,33,59,34,64
1013,8245,Korona Kielce,KKI,2010,30,45,45,35,70,50,70,50
1014,8245,Korona Kielce,KKI,2011,67,66,49,49,69,57,48,67
1015,8245,Korona Kielce,KKI,2012,75,62,48,53,68,58,43,65
1016,8245,Korona Kielce,KKI,2013,70,50,48,53,68,58,43,60
1017,8245,Korona Kielce,KKI,2014,73,50,64,53,36,30,43,62
1018,8245,Korona Kielce,KKI,2015,59,50,64,53,36,30,43,62
1019,8021,Zagłębie Lubin,ZAG,2010,55,60,30,40,70,70,70,70
1020,8021,Zagłębie Lubin,ZAG,2011,54,37,48,38,37,47,58,52
1021,8021,Zagłębie Lubin,ZAG,2012,33,38,67,52,73,58,47,52
1022,8021,Zagłębie Lubin,ZAG,2013,33,38,67,52,48,58,47,52
1023,8021,Zagłębie Lubin,ZAG,2014,33,51,38,63,48,58,38,52
1024,8024,Widzew Łódź,WID,2011,63,48,48,68,53,37,58,63
1025,8024,Widzew Łódź,WID,2012,66,72,70,61,54,32,32,62
1026,8024,Widzew Łódź,WID,2013,66,59,43,61,54,32,43,46
1027,8024,Widzew Łódź,WID,2014,66,72,66,67,51,36,38,65
1028,8033,Podbeskidzie Bielsko-Biała,POD,2012,54,51,48,47,42,47,57,48
1029,8033,Podbeskidzie Bielsko-Biała,POD,2013,54,51,48,47,42,47,57,48
1030,8033,Podbeskidzie Bielsko-Biała,POD,2014,72,66,66,51,49,29,35,38
1031,8033,Podbeskidzie Bielsko-Biała,POD,2015,68,66,66,51,49,29,35,38
1032,8023,Pogoń Szczecin,POG,2013,67,54,56,62,67,47,47,63
1033,8023,Pogoń Szczecin,POG,2014,50,36,52,36,52,50,60,47
1034,8023,Pogoń Szczecin,POG,2015,50,36,52,40,52,57,54,47
1035,8027,Zawisza Bydgoszcz,ZAW,2014,54,40,67,49,52,44,47,52
1036,8027,Zawisza Bydgoszcz,ZAW,2015,54,40,46,49,52,44,47,52
1037,8019,Górnik Łęczna,LEC,2015,41,59,41,44,54,52,47,50
1038,9773,FC Porto,POR,2010,30,30,60,60,60,30,30,30
1039,9773,FC Porto,POR,2011,50,50,50,65,65,55,43,65
1040,9773,FC Porto,POR,2012,52,53,56,72,68,61,49,60
1041,9773,FC Porto,POR,2013,52,53,56,72,68,58,60,57
1042,9773,FC Porto,POR,2014,52,53,56,66,68,58,60,60
1043,9773,FC Porto,POR,2015,70,53,56,66,68,58,60,60
1044,9807,CF Os Belenenses,BEL,2010,30,30,55,45,60,30,30,30
1045,9807,CF Os Belenenses,BEL,2014,52,52,40,37,48,38,48,49
1046,9807,CF Os Belenenses,BEL,2015,51,52,43,37,48,38,48,49
1047,9768,Sporting CP,SCP,2010,30,30,55,60,55,30,30,30
1048,9768,Sporting CP,SCP,2011,50,35,65,65,35,55,45,50
1049,9768,Sporting CP,SCP,2012,53,56,67,68,69,52,49,54
1050,9768,Sporting CP,SCP,2013,53,56,67,68,60,52,49,54
1051,9768,Sporting CP,SCP,2014,55,56,42,50,55,60,60,54
1052,9768,Sporting CP,SCP,2015,57,56,42,50,55,60,60,54
1053,7844,Vitória Guimarães,GUI,2010,30,30,55,55,55,30,30,30
1054,7844,Vitória Guimarães,GUI,2011,65,47,65,50,49,55,55,48
1055,7844,Vitória Guimarães,GUI,2012,40,39,53,68,58,50,59,68
1056,7844,Vitória Guimarães,GUI,2013,40,39,53,68,58,50,59,64
1057,7844,Vitória Guimarães,GUI,2014,40,39,53,62,58,37,40,64
1058,7844,Vitória Guimarães,GUI,2015,40,39,53,62,58,37,40,64
1059,10238,Vitória Setúbal,SET,2010,30,30,60,50,55,30,30,30
1060,10238,Vitória Setúbal,SET,2011,50,50,50,65,50,35,55,50
1061,10238,Vitória Setúbal,SET,2012,56,42,54,52,52,37,37,58
1062,10238,Vitória Setúbal,SET,2013,56,42,54,52,52,37,37,58
1063,10238,Vitória Setúbal,SET,2014,56,42,54,52,52,37,37,58
1064,10238,Vitória Setúbal,SET,2015,58,42,54,52,52,37,37,58
1065,6403,FC Paços de Ferreira,FER,2010,30,30,50,60,60,30,30,30
1066,6403,FC Paços de Ferreira,FER,2011,50,50,50,49,49,45,55,50
1067,6403,FC Paços de Ferreira,FER,2012,38,39,52,53,52,36,39,68
1068,6403,FC Paços de Ferreira,FER,2013,50,39,52,53,52,36,39,64
1069,6403,FC Paços de Ferreira,FER,2014,38,39,52,53,52,36,39,64
1070,6403,FC Paços de Ferreira,FER,2015,63,39,64,53,52,36,39,64
1071,10264,SC Braga,BRA,2010,30,30,55,50,60,30,30,30
1072,10264,SC Braga,BRA,2011,30,30,55,50,60,40,60,50
1073,10264,SC Braga,BRA,2012,53,46,53,53,52,23,48,39
1074,10264,SC Braga,BRA,2013,66,54,53,53,52,25,56,39
1075,10264,SC Braga,BRA,2014,53,55,53,65,39,25,56,39
1076,10264,SC Braga,BRA,2015,55,55,62,65,39,25,56,39
1077,10215,Académica de Coimbra,ACA,2010,30,30,50,60,55,30,30,30
1078,10215,Académica de Coimbra,ACA,2011,30,50,50,50,55,30,45,65
1079,10215,Académica de Coimbra,ACA,2012,45,44,55,57,60,52,38,61
1080,10215,Académica de Coimbra,ACA,2013,45,44,55,57,60,52,38,61
1081,10215,Académica de Coimbra,ACA,2014,52,44,55,51,60,39,38,61
1082,10215,Académica de Coimbra,ACA,2015,53,44,55,51,60,39,38,61
1083,7841,Rio Ave FC,RA,2010,30,30,45,55,60,30,30,30
1084,7841,Rio Ave FC,RA,2011,50,50,65,65,50,45,45,50
1085,7841,Rio Ave FC,RA,2012,36,38,60,54,54,39,50,42
1086,7841,Rio Ave FC,RA,2013,36,38,60,54,54,39,50,42
1087,7841,Rio Ave FC,RA,2014,66,44,58,65,54,39,48,66
1088,7841,Rio Ave FC,RA,2015,66,44,58,65,54,39,48,66
1089,9772,SL Benfica,BEN,2010,30,30,50,55,65,30,30,30
1090,9772,SL Benfica,BEN,2011,65,35,65,55,51,55,56,60
1091,9772,SL Benfica,BEN,2012,55,48,69,56,54,61,51,57
1092,9772,SL Benfica,BEN,2013,65,54,69,56,54,60,58,57
1093,9772,SL Benfica,BEN,2014,70,53,65,66,54,60,57,54
1094,9772,SL Benfica,BEN,2015,69,53,65,66,54,60,57,54
1095,6421,Leixões SC,LEI,2010,30,30,50,50,65,30,30,30
1096,10214,CD Nacional,NAC,2010,45,30,60,55,50,30,30,30
1097,10214,CD Nacional,NAC,2011,47,30,60,55,50,35,55,48
1098,10214,CD Nacional,NAC,2012,41,43,53,59,53,49,50,57
1099,10214,CD Nacional,NAC,2013,41,43,53,59,53,49,50,57
1100,10214,CD Nacional,NAC,2014,41,43,53,44,53,42,42,57
1101,10214,CD Nacional,NAC,2015,65,43,53,44,53,42,42,57
1102,9809,Naval 1° de Maio,NAV,2010,30,30,45,50,70,30,30,30
1103,9809,Naval 1° de Maio,NAV,2011,50,65,35,50,50,45,41,35
1104,10212,CS Marítimo,MAR,2010,30,30,55,50,65,30,30,30
1105,10212,CS Marítimo,MAR,2011,30,30,55,60,50,49,45,50
1106,10212,CS Marítimo,MAR,2012,38,44,54,76,55,38,49,46
1107,10212,CS Marítimo,MAR,2013,38,44,54,76,55,38,49,46
1108,10212,CS Marítimo,MAR,2014,67,66,67,64,55,37,45,44
1109,10212,CS Marítimo,MAR,2015,61,66,67,64,55,38,49,46
1110,9771,"União de Leiria, SAD",ULE,2010,50,50,50,50,50,50,50,50
1111,9771,"União de Leiria, SAD",ULE,2011,50,50,50,50,50,50,50,50
1112,9771,"União de Leiria, SAD",ULE,2012,36,36,52,50,46,53,45,56
1113,2033,S.C. Olhanense,OLH,2010,45,55,50,60,45,50,45,60
1114,2033,S.C. Olhanense,OLH,2011,65,55,50,50,65,50,45,35
1115,2033,S.C. Olhanense,OLH,2012,45,40,53,37,44,37,24,44
1116,2033,S.C. Olhanense,OLH,2013,45,52,53,37,43,37,31,44
1117,2033,S.C. Olhanense,OLH,2014,45,40,53,37,44,37,24,44
1118,10211,SC Beira Mar,B-M,2011,48,46,50,50,57,47,55,53
1119,10211,SC Beira Mar,B-M,2012,39,48,53,53,59,37,52,61
1120,10211,SC Beira Mar,B-M,2013,39,48,53,53,59,37,52,61
1121,9764,Gil Vicente FC,GV,2012,46,41,54,52,46,39,57,53
1122,9764,Gil Vicente FC,GV,2013,46,41,54,52,46,39,57,53
1123,9764,Gil Vicente FC,GV,2014,65,41,54,47,46,39,40,53
1124,9764,Gil Vicente FC,GV,2015,68,41,54,47,46,39,40,53
1125,8348,Moreirense FC,MOR,2013,38,43,51,54,39,44,46,48
1126,8348,Moreirense FC,MOR,2015,38,43,51,54,39,44,46,48
1127,7842,Estoril Praia,EST,2013,66,52,47,53,39,46,49,55
1128,7842,Estoril Praia,EST,2014,66,52,47,53,39,46,49,55
1129,7842,Estoril Praia,EST,2015,59,52,47,53,39,46,49,55
1130,158085,FC Arouca,ARO,2014,69,39,55,59,46,35,37,37
1131,158085,FC Arouca,ARO,2015,65,39,55,59,46,37,39,37
1132,6547,FC Penafiel,PEN,2015,54,39,52,56,38,40,35,46
1133,8613,Boavista FC,BOA,2015,47,50,37,38,53,32,62,54
1134,8596,Falkirk,FAL,2010,70,70,60,70,70,60,70,70
1135,8548,Rangers,RAN,2010,65,50,70,70,70,60,70,70
1136,8548,Rangers,RAN,2011,51,33,48,67,79,46,47,51
1137,8548,Rangers,RAN,2012,45,45,38,62,60,48,48,62
1138,8548,Rangers,RAN,2013,55,45,38,52,60,48,48,52
1139,8548,Rangers,RAN,2014,45,45,38,62,60,48,48,62
1140,8548,Rangers,RAN,2015,45,55,38,62,53,48,48,55
1141,9860,Heart of Midlothian,HEA,2010,70,70,70,70,70,60,70,70
1142,9860,Heart of Midlothian,HEA,2011,66,53,53,68,66,56,68,66
1143,9860,Heart of Midlothian,HEA,2012,55,62,55,60,60,50,52,57
1144,9860,Heart of Midlothian,HEA,2013,52,53,59,60,64,52,53,57
1145,9860,Heart of Midlothian,HEA,2014,55,62,55,61,60,49,52,57
1146,9927,Motherwell,MOT,2010,70,70,70,70,65,60,70,70
1147,9927,Motherwell,MOT,2011,48,49,52,52,48,47,46,48
1148,9927,Motherwell,MOT,2012,70,55,40,46,60,38,42,62
1149,9927,Motherwell,MOT,2013,67,54,49,47,58,39,43,64
1150,9927,Motherwell,MOT,2014,70,55,42,47,60,41,43,62
1151,9927,Motherwell,MOT,2015,64,55,44,45,27,37,44,51
1152,8597,Kilmarnock,KIL,2010,70,70,70,70,65,60,70,70
1153,8597,Kilmarnock,KIL,2011,36,36,37,52,51,48,43,48
1154,8597,Kilmarnock,KIL,2012,56,61,55,48,46,43,43,52
1155,8597,Kilmarnock,KIL,2013,53,54,55,50,49,47,49,52
1156,8597,Kilmarnock,KIL,2014,56,61,56,48,46,44,44,52
1157,8597,Kilmarnock,KIL,2015,50,60,49,62,47,46,46,52
1158,10251,Hibernian,HIB,2010,70,70,60,70,70,60,70,70
1159,10251,Hibernian,HIB,2011,48,51,52,64,52,47,47,51
1160,10251,Hibernian,HIB,2012,55,44,46,48,44,42,40,40
1161,10251,Hibernian,HIB,2013,60,46,58,48,44,47,46,60
1162,10251,Hibernian,HIB,2014,55,44,47,43,49,43,41,40
1163,8485,Aberdeen,ABE,2010,70,70,70,70,70,60,70,70
1164,8485,Aberdeen,ABE,2011,47,52,53,48,52,47,47,52
1165,8485,Aberdeen,ABE,2012,58,62,45,70,55,40,40,60
1166,8485,Aberdeen,ABE,2013,62,45,40,50,55,42,42,60
1167,8485,Aberdeen,ABE,2014,58,62,56,68,57,41,42,60
1168,8485,Aberdeen,ABE,2015,59,53,51,72,63,49,45,63
1169,8066,Inverness Caledonian Thistle,INV,2011,36,67,66,37,51,37,57,36
1170,8066,Inverness Caledonian Thistle,INV,2012,61,59,48,52,54,40,40,46
1171,8066,Inverness Caledonian Thistle,INV,2013,35,54,56,54,61,47,46,46
1172,8066,Inverness Caledonian Thistle,INV,2014,61,59,50,57,55,43,41,46
1173,8066,Inverness Caledonian Thistle,INV,2015,48,32,57,48,69,44,44,51
1174,9925,Celtic,CEL,2010,70,70,65,70,70,60,70,70
1175,9925,Celtic,CEL,2011,54,52,52,67,51,46,46,67
1176,9925,Celtic,CEL,2012,70,58,54,58,60,50,50,60
1177,9925,Celtic,CEL,2013,50,53,57,58,60,55,51,60
1178,9925,Celtic,CEL,2014,70,58,55,61,62,51,54,60
1179,9925,Celtic,CEL,2015,54,53,51,51,62,58,55,56
1180,9800,St. Mirren,MIR,2010,70,70,70,70,70,60,70,70
1181,9800,St. Mirren,MIR,2011,48,48,52,48,48,43,44,51
1182,9800,St. Mirren,MIR,2012,60,75,62,45,60,50,48,40
1183,9800,St. Mirren,MIR,2013,42,43,47,46,60,53,49,42
1184,9800,St. Mirren,MIR,2014,58,70,62,56,61,50,49,41
1185,9800,St. Mirren,MIR,2015,38,33,53,58,53,60,58,48
1186,8429,Hamilton Academical FC,HAM,2010,70,70,70,70,60,60,65,70
1187,8429,Hamilton Academical FC,HAM,2011,66,52,52,53,34,46,47,52
1188,8429,Hamilton Academical FC,HAM,2015,48,47,73,53,71,55,48,52
1189,9938,Dundee United,DUU,2010,70,70,65,70,70,60,70,70
1190,9938,Dundee United,DUU,2011,68,53,67,53,67,57,57,63
1191,9938,Dundee United,DUU,2012,60,60,50,50,35,40,38,52
1192,9938,Dundee United,DUU,2013,53,52,55,53,42,41,41,52
1193,9938,Dundee United,DUU,2014,60,60,52,55,38,41,40,52
1194,9938,Dundee United,DUU,2015,60,53,55,49,45,48,42,53
1195,8467,St. Johnstone FC,JOH,2010,70,50,50,50,50,30,70,30
1196,8467,St. Johnstone FC,JOH,2011,67,48,47,47,54,33,47,37
1197,8467,St. Johnstone FC,JOH,2012,57,57,46,48,38,42,38,52
1198,8467,St. Johnstone FC,JOH,2013,60,58,48,49,38,44,42,56
1199,8467,St. Johnstone FC,JOH,2014,56,57,47,49,40,40,40,52
1200,8467,St. Johnstone FC,JOH,2015,62,48,47,49,40,37,48,55
1201,8457,Dunfermline Athletic,DUN,2012,55,60,46,68,54,42,43,63
1202,8284,Dundee FC,DUF,2013,50,49,38,60,53,48,47,59
1203,8284,Dundee FC,DUF,2015,47,48,32,61,65,50,44,52
1204,8649,Ross County FC,ROS,2013,35,62,50,36,50,40,56,47
1205,8649,Ross County FC,ROS,2014,34,34,44,38,38,39,51,44
1206,8649,Ross County FC,ROS,2015,45,60,46,49,58,36,53,34
1207,8426,Partick Thistle F.C.,PAR,2014,48,37,49,50,52,47,44,52
1208,8426,Partick Thistle F.C.,PAR,2015,48,47,47,53,60,46,46,49
1209,10267,Valencia CF,VAL,2010,30,30,55,60,70,55,60,60
1210,10267,Valencia CF,VAL,2011,41,40,56,55,64,40,48,54
1211,10267,Valencia CF,VAL,2012,20,35,38,56,55,51,38,59
1212,10267,Valencia CF,VAL,2013,20,35,38,56,55,51,38,59
1213,10267,Valencia CF,VAL,2014,30,35,38,56,55,51,38,59
1214,10267,Valencia CF,VAL,2015,35,35,37,51,58,49,45,53
1215,8661,RCD Mallorca,MAL,2010,40,40,50,40,50,45,40,45
1216,8661,RCD Mallorca,MAL,2011,53,52,55,52,53,47,48,55
1217,8661,RCD Mallorca,MAL,2012,58,57,53,57,53,59,41,56
1218,8661,RCD Mallorca,MAL,2013,62,57,53,57,53,59,41,56
1219,8661,RCD Mallorca,MAL,2014,62,57,53,57,53,59,41,56
1220,8661,RCD Mallorca,MAL,2015,62,57,53,57,53,59,41,56
1221,8371,CA Osasuna,OSA,2010,35,35,45,65,55,30,65,55
1222,8371,CA Osasuna,OSA,2011,55,54,56,69,68,48,61,68
1223,8371,CA Osasuna,OSA,2012,34,52,55,59,54,47,52,69
1224,8371,CA Osasuna,OSA,2013,38,52,55,59,54,47,52,69
1225,8371,CA Osasuna,OSA,2014,38,52,55,59,54,47,52,65
1226,8371,CA Osasuna,OSA,2015,38,52,55,59,54,47,52,69
1227,10205,Villarreal CF,VIL,2010,64,30,55,35,70,65,30,70
1228,10205,Villarreal CF,VIL,2011,42,41,53,38,70,50,48,54
1229,10205,Villarreal CF,VIL,2012,20,26,43,57,58,51,51,56
1230,10205,Villarreal CF,VIL,2013,24,26,43,57,58,51,51,56
1231,10205,Villarreal CF,VIL,2014,35,35,43,57,58,51,51,56
1232,10205,Villarreal CF,VIL,2015,48,36,36,52,55,47,48,44
1233,9783,RC Deportivo de La Coruña,COR,2010,30,30,30,45,65,35,35,45
1234,9783,RC Deportivo de La Coruña,COR,2011,56,42,57,69,61,38,44,69
1235,9783,RC Deportivo de La Coruña,COR,2012,56,46,38,52,68,45,50,59
1236,9783,RC Deportivo de La Coruña,COR,2013,56,46,38,52,68,45,50,59
1237,9783,RC Deportivo de La Coruña,COR,2014,56,46,38,52,68,45,50,59
1238,9783,RC Deportivo de La Coruña,COR,2015,53,47,38,52,55,45,50,59
1239,8633,Real Madrid CF,REA,2010,55,30,70,60,70,65,40,65
1240,8633,Real Madrid CF,REA,2011,54,39,67,60,67,68,55,55
1241,8633,Real Madrid CF,REA,2012,45,35,71,54,73,49,60,68
1242,8633,Real Madrid CF,REA,2013,50,41,68,54,72,39,49,65
1243,8633,Real Madrid CF,REA,2014,50,41,68,54,69,39,49,65
1244,8633,Real Madrid CF,REA,2015,50,46,61,41,63,52,60,63
1245,8388,CD Numancia,NUM,2010,55,40,50,55,55,30,55,55
1246,8388,CD Numancia,NUM,2011,71,53,38,53,53,40,49,55
1247,8388,CD Numancia,NUM,2012,44,45,54,41,57,50,46,62
1248,8388,CD Numancia,NUM,2013,44,45,54,41,57,50,46,62
1249,8388,CD Numancia,NUM,2014,44,45,54,41,57,50,46,62
1250,8388,CD Numancia,NUM,2015,44,45,54,41,57,50,46,62
1251,8634,FC Barcelona,BAR,2010,42,30,65,40,70,70,30,70
1252,8634,FC Barcelona,BAR,2011,43,34,59,25,68,67,43,68
1253,8634,FC Barcelona,BAR,2012,24,25,37,24,54,66,63,66
1254,8634,FC Barcelona,BAR,2013,35,32,37,31,35,61,63,65
1255,8634,FC Barcelona,BAR,2014,35,32,37,31,35,61,63,65
1256,8634,FC Barcelona,BAR,2015,36,51,36,49,56,61,65,65
1257,8696,Racing Santander,SAN,2010,45,55,70,70,65,45,55,50
1258,8696,Racing Santander,SAN,2011,53,56,73,72,39,47,37,53
1259,8696,Racing Santander,SAN,2012,43,44,61,71,50,50,50,68
1260,8696,Racing Santander,SAN,2013,47,44,61,71,50,50,50,68
1261,8696,Racing Santander,SAN,2015,48,47,53,53,53,51,47,53
1262,8302,Sevilla FC,SEV,2010,30,30,70,60,70,60,70,65
1263,8302,Sevilla FC,SEV,2011,68,58,68,67,71,57,58,68
1264,8302,Sevilla FC,SEV,2012,61,65,53,57,38,38,49,55
1265,8302,Sevilla FC,SEV,2013,65,65,53,57,38,38,49,55
1266,8302,Sevilla FC,SEV,2014,65,65,53,57,38,38,49,55
1267,8302,Sevilla FC,SEV,2015,53,53,53,52,60,42,48,59
1268,9869,Real Sporting de Gijón,SPG,2010,70,55,65,50,70,70,70,55
1269,9869,Real Sporting de Gijón,SPG,2011,68,53,67,51,65,58,51,55
1270,9869,Real Sporting de Gijón,SPG,2012,51,43,68,61,44,36,60,39
1271,9869,Real Sporting de Gijón,SPG,2013,55,43,68,61,44,36,60,39
1272,9869,Real Sporting de Gijón,SPG,2014,55,43,68,61,44,36,60,39
1273,9869,Real Sporting de Gijón,SPG,2015,55,50,62,59,38,45,54,41
1274,8305,Getafe CF,GET,2010,30,35,35,50,70,40,30,50
1275,8305,Getafe CF,GET,2011,54,45,38,54,57,59,39,66
1276,8305,Getafe CF,GET,2012,25,40,58,42,52,49,45,47
1277,8305,Getafe CF,GET,2013,29,40,58,42,52,49,45,47
1278,8305,Getafe CF,GET,2014,35,40,58,42,52,49,45,47
1279,8305,Getafe CF,GET,2015,34,38,55,39,49,43,42,49
1280,8603,Real Betis Balompié,BET,2010,45,45,30,50,55,50,45,55
1281,8603,Real Betis Balompié,BET,2011,37,51,68,66,72,42,40,53
1282,8603,Real Betis Balompié,BET,2012,55,37,59,43,53,58,49,58
1283,8603,Real Betis Balompié,BET,2013,59,37,59,43,53,58,49,58
1284,8603,Real Betis Balompié,BET,2014,59,37,59,43,53,58,49,58
1285,8603,Real Betis Balompié,BET,2015,59,37,59,43,53,58,49,58
1286,8479,RC Recreativo,HUE,2010,50,40,40,40,50,35,55,40
1287,8479,RC Recreativo,HUE,2011,45,58,41,42,52,39,39,66
1288,8479,RC Recreativo,HUE,2012,41,54,67,50,23,40,49,62
1289,8479,RC Recreativo,HUE,2013,41,54,45,50,23,40,49,62
1290,8479,RC Recreativo,HUE,2014,41,54,45,50,35,40,49,62
1291,8479,RC Recreativo,HUE,2015,37,43,30,42,37,40,49,54
1292,8558,RCD Espanyol,ESP,2010,55,40,70,55,70,70,50,60
1293,8558,RCD Espanyol,ESP,2011,68,55,72,70,54,51,58,56
1294,8558,RCD Espanyol,ESP,2012,46,44,52,60,40,37,40,45
1295,8558,RCD Espanyol,ESP,2013,50,44,52,60,40,37,40,45
1296,8558,RCD Espanyol,ESP,2014,50,44,52,60,40,37,40,45
1297,8558,RCD Espanyol,ESP,2015,50,44,52,60,40,37,40,45
1298,10281,Real Valladolid,VAL,2010,55,40,45,30,60,30,65,30
1299,10281,Real Valladolid,VAL,2011,54,55,44,60,62,43,52,59
1300,10281,Real Valladolid,VAL,2012,55,54,58,73,41,51,50,60
1301,10281,Real Valladolid,VAL,2013,55,54,58,73,41,51,50,60
1302,10281,Real Valladolid,VAL,2014,55,54,58,68,41,51,50,60
1303,10281,Real Valladolid,VAL,2015,43,65,39,51,57,47,40,47
1304,8315,Athletic Club de Bilbao,BIL,2010,60,45,35,70,55,30,70,35
1305,8315,Athletic Club de Bilbao,BIL,2011,70,69,55,72,57,48,67,55
1306,8315,Athletic Club de Bilbao,BIL,2012,42,59,36,78,59,37,60,68
1307,8315,Athletic Club de Bilbao,BIL,2013,46,38,52,73,37,37,60,68
1308,8315,Athletic Club de Bilbao,BIL,2014,46,38,52,68,37,37,60,65
1309,8315,Athletic Club de Bilbao,BIL,2015,46,39,50,60,36,49,57,50
1310,9865,UD Almería,ALM,2010,65,45,45,45,70,70,65,30
1311,9865,UD Almería,ALM,2011,55,53,57,54,69,58,68,67
1312,9865,UD Almería,ALM,2012,42,70,57,54,40,37,53,45
1313,9865,UD Almería,ALM,2013,46,65,57,54,40,37,53,45
1314,9865,UD Almería,ALM,2014,46,65,57,54,40,37,53,45
1315,9865,UD Almería,ALM,2015,46,65,57,54,40,37,53,45
1316,9906,Atlético Madrid,AMA,2010,64,30,65,50,70,70,34,55
1317,9906,Atlético Madrid,AMA,2011,57,54,58,69,79,58,48,54
1318,9906,Atlético Madrid,AMA,2012,47,51,67,63,54,52,37,55
1319,9906,Atlético Madrid,AMA,2013,47,51,70,65,54,52,37,55
1320,9906,Atlético Madrid,AMA,2014,47,51,67,67,54,52,37,55
1321,9906,Atlético Madrid,AMA,2015,57,50,61,62,49,49,42,52
1322,9864,Málaga CF,MAL,2010,60,55,40,45,70,45,65,45
1323,9864,Málaga CF,MAL,2011,58,54,54,55,61,45,47,54
1324,9864,Málaga CF,MAL,2012,41,36,72,69,50,64,58,42
1325,9864,Málaga CF,MAL,2013,45,36,72,69,50,64,58,42
1326,9864,Málaga CF,MAL,2014,45,36,69,69,50,64,58,42
1327,9864,Málaga CF,MAL,2015,42,36,41,40,50,47,37,52
1328,9868,Xerez Club Deportivo,XER,2010,30,30,45,35,70,45,50,45
1329,9868,Xerez Club Deportivo,XER,2011,40,58,56,54,49,46,52,67
1330,9868,Xerez Club Deportivo,XER,2012,60,44,40,57,41,49,54,50
1331,9868,Xerez Club Deportivo,XER,2013,60,44,40,57,41,49,54,50
1332,8394,Real Zaragoza,ZAR,2010,30,30,50,35,70,40,30,45
1333,8394,Real Zaragoza,ZAR,2011,43,40,46,38,42,38,40,53
1334,8394,Real Zaragoza,ZAR,2012,34,23,53,56,57,51,46,61
1335,8394,Real Zaragoza,ZAR,2013,38,23,53,56,57,51,46,61
1336,8394,Real Zaragoza,ZAR,2014,38,35,53,56,57,51,46,61
1337,8394,Real Zaragoza,ZAR,2015,52,50,52,56,57,48,43,49
1338,9867,CD Tenerife,TEN,2010,30,30,45,30,65,50,30,45
1339,9867,CD Tenerife,TEN,2011,56,51,68,52,60,57,50,67
1340,9867,CD Tenerife,TEN,2014,56,57,56,51,54,52,50,65
1341,9867,CD Tenerife,TEN,2015,56,57,56,51,54,52,50,69
1342,10278,Hércules Club de Fútbol,HER,2010,40,30,50,35,70,35,35,50
1343,10278,Hércules Club de Fútbol,HER,2011,54,55,53,40,59,48,58,53
1344,10278,Hércules Club de Fútbol,HER,2012,53,54,60,58,60,50,52,58
1345,10278,Hércules Club de Fútbol,HER,2013,53,54,60,58,60,50,52,58
1346,10278,Hércules Club de Fútbol,HER,2014,53,54,60,58,60,50,52,58
1347,8581,Levante UD,LEV,2010,30,30,45,40,70,30,35,50
1348,8581,Levante UD,LEV,2011,68,56,69,55,58,37,47,54
1349,8581,Levante UD,LEV,2012,53,63,55,61,52,47,52,56
1350,8581,Levante UD,LEV,2013,57,63,55,61,52,47,52,56
1351,8581,Levante UD,LEV,2014,57,63,55,61,52,47,52,56
1352,8581,Levante UD,LEV,2015,62,65,71,42,65,36,33,42
1353,8560,Real Sociedad,SOC,2010,40,30,50,40,70,45,30,35
1354,8560,Real Sociedad,SOC,2011,54,43,54,51,60,49,49,51
1355,8560,Real Sociedad,SOC,2012,24,36,60,52,59,48,53,70
1356,8560,Real Sociedad,SOC,2013,28,36,60,52,59,48,53,70
1357,8560,Real Sociedad,SOC,2014,35,36,60,52,59,48,53,65
1358,8560,Real Sociedad,SOC,2015,60,50,54,60,52,49,53,53
1359,7878,Granada CF,GRA,2011,53,52,54,59,55,54,49,67
1360,7878,Granada CF,GRA,2012,48,37,72,76,52,49,45,68
1361,7878,Granada CF,GRA,2013,52,37,72,76,52,49,45,68
1362,7878,Granada CF,GRA,2014,52,37,67,68,52,49,45,64
1363,7878,Granada CF,GRA,2015,57,59,61,63,51,48,45,62
1364,8370,Rayo Vallecano,RAY,2010,40,30,35,50,70,30,50,40
1365,8370,Rayo Vallecano,RAY,2011,53,55,44,56,61,58,52,68
1366,8370,Rayo Vallecano,RAY,2012,41,44,44,44,47,63,51,59
1367,8370,Rayo Vallecano,RAY,2013,45,44,44,44,47,63,51,59
1368,8370,Rayo Vallecano,RAY,2014,45,44,44,44,47,63,51,59
1369,8370,Rayo Vallecano,RAY,2015,29,44,44,44,47,54,52,63
1370,9910,RC Celta de Vigo,CEL,2010,35,30,45,45,70,35,30,50
1371,9910,RC Celta de Vigo,CEL,2011,43,44,53,45,60,40,41,47
1372,9910,RC Celta de Vigo,CEL,2012,53,62,59,68,52,42,52,68
1373,9910,RC Celta de Vigo,CEL,2013,53,62,59,68,52,42,52,68
1374,9910,RC Celta de Vigo,CEL,2014,53,62,59,68,52,42,52,65
1375,9910,RC Celta de Vigo,CEL,2015,55,38,41,48,50,55,55,59
1376,10268,Elche CF,ELC,2010,30,30,45,50,70,50,45,45
1377,10268,Elche CF,ELC,2011,43,39,52,43,46,40,39,51
1378,10268,Elche CF,ELC,2012,55,73,53,54,57,49,51,58
1379,10268,Elche CF,ELC,2013,55,73,53,54,57,49,51,58
1380,10268,Elche CF,ELC,2014,55,69,53,54,57,49,51,58
1381,10268,Elche CF,ELC,2015,51,48,53,54,57,49,51,58
1382,8372,SD Eibar,EIB,2014,62,52,60,55,64,37,56,49
1383,8372,SD Eibar,EIB,2015,62,52,59,55,52,37,56,49
1384,7869,Córdoba CF,COR,2010,30,30,35,45,60,35,30,40
1385,7869,Córdoba CF,COR,2011,39,41,40,42,46,40,38,44
1386,7869,Córdoba CF,COR,2012,40,53,40,71,48,36,41,52
1387,7869,Córdoba CF,COR,2013,40,53,40,71,48,36,41,52
1388,7869,Córdoba CF,COR,2014,40,53,40,66,48,36,41,52
1389,7869,Córdoba CF,COR,2015,53,48,55,59,57,38,39,52
1390,8306,UD Las Palmas,LAS,2010,30,30,45,40,70,35,45,45
1391,8306,UD Las Palmas,LAS,2011,54,56,67,61,59,48,56,67
1392,8306,UD Las Palmas,LAS,2012,48,44,53,42,53,53,39,57
1393,8306,UD Las Palmas,LAS,2013,48,44,53,42,53,53,39,57
1394,8306,UD Las Palmas,LAS,2014,48,44,53,42,53,53,39,57
1395,8306,UD Las Palmas,LAS,2015,48,44,53,42,53,53,39,57
1396,9956,Grasshopper Club Zürich,GRA,2010,30,50,55,70,55,40,60,60
1397,9956,Grasshopper Club Zürich,GRA,2011,67,53,55,66,63,43,48,62
1398,9956,Grasshopper Club Zürich,GRA,2012,50,54,52,54,46,36,43,47
1399,9956,Grasshopper Club Zürich,GRA,2013,50,54,52,54,46,36,43,47
1400,9956,Grasshopper Club Zürich,GRA,2014,50,54,52,54,46,36,43,47
1401,9956,Grasshopper Club Zürich,GRA,2015,50,54,52,54,46,36,43,47
1402,6493,AC Bellinzona,BEL,2010,40,50,55,65,55,45,50,55
1403,6493,AC Bellinzona,BEL,2011,47,54,55,38,55,32,50,56
1404,10192,BSC Young Boys,YB,2010,55,55,55,70,60,55,55,60
1405,10192,BSC Young Boys,YB,2011,60,57,65,69,68,48,49,61
1406,10192,BSC Young Boys,YB,2012,52,69,39,70,46,44,34,50
1407,10192,BSC Young Boys,YB,2013,52,69,39,70,46,44,34,50
1408,10192,BSC Young Boys,YB,2014,52,64,39,66,46,44,34,50
1409,10192,BSC Young Boys,YB,2015,52,64,39,66,46,44,34,50
1410,9931,FC Basel,BAS,2010,40,45,50,65,50,60,60,60
1411,9931,FC Basel,BAS,2011,46,40,51,54,49,38,53,55
1412,9931,FC Basel,BAS,2012,61,46,66,66,54,47,58,53
1413,9931,FC Basel,BAS,2013,61,46,66,66,54,47,58,53
1414,9931,FC Basel,BAS,2014,61,46,66,66,54,47,58,53
1415,9931,FC Basel,BAS,2015,61,46,66,66,54,47,58,53
1416,9930,FC Aarau,AAR,2010,60,50,60,65,55,50,55,45
1417,9930,FC Aarau,AAR,2014,52,56,54,63,64,47,44,54
1418,9930,FC Aarau,AAR,2015,47,54,54,63,64,47,44,54
1419,10179,FC Sion,SIO,2010,35,60,50,60,60,35,40,45
1420,10179,FC Sion,SIO,2011,47,56,67,56,54,41,43,39
1421,10179,FC Sion,SIO,2012,61,37,62,50,53,45,43,54
1422,10179,FC Sion,SIO,2013,61,37,62,50,53,45,43,54
1423,10179,FC Sion,SIO,2014,61,37,62,50,53,45,47,54
1424,10179,FC Sion,SIO,2015,61,37,62,50,53,45,47,54
1425,10199,FC Luzern,LUZ,2010,45,60,45,70,60,40,45,50
1426,10199,FC Luzern,LUZ,2011,48,57,63,34,64,56,45,52
1427,10199,FC Luzern,LUZ,2012,46,48,51,53,55,48,47,50
1428,10199,FC Luzern,LUZ,2013,46,48,51,53,55,48,47,50
1429,10199,FC Luzern,LUZ,2014,63,51,54,40,66,48,53,50
1430,10199,FC Luzern,LUZ,2015,63,51,54,40,66,48,53,50
1431,9824,FC Vaduz,VAD,2015,53,56,38,53,46,42,33,58
1432,7955,Neuchâtel Xamax,XAM,2010,60,45,60,70,60,50,45,55
1433,7955,Neuchâtel Xamax,XAM,2011,54,47,37,48,53,49,45,52
1434,7955,Neuchâtel Xamax,XAM,2012,49,50,39,48,34,34,31,51
1435,10243,FC Zürich,ZUR,2010,45,60,45,70,50,50,55,50
1436,10243,FC Zürich,ZUR,2011,48,56,49,61,55,54,49,60
1437,10243,FC Zürich,ZUR,2012,62,46,50,50,54,47,43,56
1438,10243,FC Zürich,ZUR,2013,62,46,50,50,54,47,43,56
1439,10243,FC Zürich,ZUR,2014,62,46,47,50,54,47,43,56
1440,10243,FC Zürich,ZUR,2015,62,46,47,50,54,47,43,56
1441,10190,FC St. Gallen,GAL,2010,35,60,35,55,55,50,55,50
1442,10190,FC St. Gallen,GAL,2011,47,55,47,54,56,49,55,48
1443,10190,FC St. Gallen,GAL,2013,52,48,39,39,37,40,41,52
1444,10190,FC St. Gallen,GAL,2014,52,48,39,39,37,40,41,52
1445,10190,FC St. Gallen,GAL,2015,52,48,39,39,37,40,36,52
1446,10191,FC Thun,THU,2011,51,39,54,46,31,37,34,46
1447,10191,FC Thun,THU,2012,58,35,67,32,66,47,45,53
1448,10191,FC Thun,THU,2013,58,35,67,32,66,47,45,53
1449,10191,FC Thun,THU,2014,58,35,64,36,66,47,45,53
1450,10191,FC Thun,THU,2015,58,35,64,36,66,47,45,53
1451,9777,Servette FC,SER,2010,30,55,45,70,60,55,60,55
1452,9777,Servette FC,SER,2012,48,51,53,66,45,49,45,49
1453,9777,Servette FC,SER,2013,48,51,53,66,45,49,45,49
1454,7730,FC Lausanne-Sports,LAU,2010,30,60,40,60,60,55,60,50
1455,7730,FC Lausanne-Sports,LAU,2012,37,49,52,60,48,43,43,55
1456,7730,FC Lausanne-Sports,LAU,2013,51,49,52,60,48,43,43,55
1457,7730,FC Lausanne-Sports,LAU,2014,37,49,52,60,52,46,44,55
